<?xml version="1.0" encoding="UTF-8"?>
<!DOCTYPE ihs
  SYSTEM "imh_header.dtd">
<ihs id="VAA4025-010-4-a04">
   <teiHeader>
      <fileDesc>
         <titleStmt>
            <title>Indiana Magazine of History</title>
            <respStmt>
               <resp>Encoded by</resp>
               <name>Aptara Inc.</name>
            </respStmt>
         </titleStmt>
         <publicationStmt>
            <publisher>Digital Library Program, Indiana University</publisher>
            <pubPlace>Bloomington, IN</pubPlace>
            <date>2007</date>
            <availability status="unknown">
               <p>Copyright 2007 Trustees of Indiana University</p>
               <p>Indiana University provides the information contained in this file for non-commercial,
        personal, or research use only. All other use, including but not limited to commercial or
        scholarly reproductions, redistribution, publication or transmission, whether by electronic
        means or otherwise, without prior written permission of the copyright holder is strictly
        prohibited.</p>
            </availability>
         </publicationStmt>
         <seriesStmt>
            <title>Indiana Magazine of History</title>
         </seriesStmt>
         <sourceDesc>
            <biblStruct>
               <analytic>
                  <title>The Old Chicago Road</title>
                  <author>Jesse Setlington Birch</author>
               </analytic>
               <monogr>
                  <title>Indiana Magazine of History</title>
                  <imprint>
                     <pubPlace>Bloomington, IN</pubPlace>
                     <publisher>Indiana University Department of History in cooperation with
                                the Indiana Historical Society and the Indiana State Library</publisher>
                     <date>1914</date>
                     <biblScope type="issue">4</biblScope>
                     <biblScope type="volume">10</biblScope>
                     <biblScope type="pages">396-398</biblScope>
                  </imprint>
               </monogr>
            </biblStruct>
         </sourceDesc>
      </fileDesc>
      <revisionDesc>
         <change>
            <date>2007-06-28</date>
            <respStmt>
               <name>Annette D. Richmond</name>
            </respStmt>
            <item>Added additional publisher, changed page numbers to reflect split of article
                    into two pieces. The second half is given the number VAA4025-010-4-a10 and the
                    type scholarlyArticle.</item>
         </change>
      </revisionDesc>
   </teiHeader>
</ihs>