<?xml version="1.0" encoding="UTF-8"?>
<!DOCTYPE ihs
  SYSTEM "imh_header.dtd">
<ihs id="VAA4025-010-2-a08">
   <teiHeader>
      <fileDesc>
         <titleStmt>
            <title>Indiana Magazine of History</title>
            <respStmt>
               <resp>Encoded by</resp>
               <name>Aptara Inc.</name>
            </respStmt>
         </titleStmt>
         <publicationStmt>
            <publisher>Digital Library Program, Indiana University</publisher>
            <pubPlace>Bloomington, IN</pubPlace>
            <date>2007</date>
            <availability status="unknown">
               <p>Copyright 2007 Trustees of Indiana University</p>
               <p>Indiana University provides the information contained in this file for non-commercial,
        personal, or research use only. All other use, including but not limited to commercial or
        scholarly reproductions, redistribution, publication or transmission, whether by electronic
        means or otherwise, without prior written permission of the copyright holder is strictly
        prohibited.</p>
            </availability>
         </publicationStmt>
         <seriesStmt>
            <title>Indiana Magazine of History</title>
         </seriesStmt>
         <notesStmt>
            <note type="review">
                    <note type="titleReviewed">The Methodist Episcopal Church and the Civil War</note>
                    <note type="authorReviewed">William Warren Sweet</note>
                </note>
         </notesStmt>
         <sourceDesc>
            <biblStruct>
               <analytic>
                  <title>Book Review</title>
               </analytic>
               <monogr>
                  <title>Indiana Magazine of History</title>
                  <imprint>
                     <pubPlace>Bloomington, IN</pubPlace>
                     <publisher>Indiana University Department of History in cooperation with
                                the Indiana Historical Society and the Indiana State Library</publisher>
                     <date>1914</date>
                     <biblScope type="issue">2</biblScope>
                     <biblScope type="volume">10</biblScope>
                     <biblScope type="pages">225-226</biblScope>
                  </imprint>
               </monogr>
            </biblStruct>
         </sourceDesc>
      </fileDesc>
      <encodingDesc>
         <editorialDecl>
            <correction>
               <p>This issue was paginated by issue rather than by volume in the original text.
                        To conform to the rest of the volumes, the page numbers for this issue were
                        changed from the range 93-94 to the range 225-226.</p>
            </correction>
         </editorialDecl>
      </encodingDesc>
      <revisionDesc>
         <change>
            <date>2007-06-27</date>
            <respStmt>
               <name>Annette D. Richmond</name>
            </respStmt>
            <item>Changed page numbers to conform to standard of paginating by volume rather
                    than by issue. Page numbers changed from the range 93-94 to the range 225-226.
                    Added additional publisher</item>
         </change>
      </revisionDesc>
   </teiHeader>
</ihs>