<?xml version="1.0" encoding="UTF-8"?>
<!DOCTYPE ihs
  SYSTEM "imh_header.dtd">
<ihs id="VAA4025-011-1-a11">
   <teiHeader>
      <fileDesc>
         <titleStmt>
            <title>Indiana Magazine of History</title>
            <respStmt>
               <resp>Encoded by</resp>
               <name>Aptara Inc.</name>
            </respStmt>
         </titleStmt>
         <publicationStmt>
            <publisher>Digital Library Program, Indiana University</publisher>
            <pubPlace>Bloomington, IN</pubPlace>
            <date>2007</date>
            <availability status="unknown">
               <p>Copyright 2007 Trustees of Indiana University</p>
               <p>Indiana University provides the information contained in this file for non-commercial,
        personal, or research use only. All other use, including but not limited to commercial or
        scholarly reproductions, redistribution, publication or transmission, whether by electronic
        means or otherwise, without prior written permission of the copyright holder is strictly
        prohibited.</p>
            </availability>
         </publicationStmt>
         <seriesStmt>
            <title>Indiana Magazine of History</title>
         </seriesStmt>
         <notesStmt>
            <note type="review">
                    <note type="titleReviewed">Studies in Southern History and Politics</note>
                    <note type="authorReviewed">Walter L. Fleming</note>
                    <note type="authorReviewed">Ulrich B. Phillips</note>
                    <note type="authorReviewed">Charles William Ramsdell</note>
                    <note type="authorReviewed">Milledge L. Bonham</note>
                    <note type="authorReviewed">Sidney D. Brummer</note>
                    <note type="authorReviewed">J. G. de Roulhac Hamilton</note>
                    <note type="authorReviewed">C. Mildred Thompson</note>
                    <note type="authorReviewed">Edwin C. Wooley</note>
                    <note type="authorReviewed">William Watson Davis</note>
                    <note type="authorReviewed">W. Roy Smith</note>
                    <note type="authorReviewed">William K. Boyd</note>
                    <note type="authorReviewed">Holland Thompson</note>
                    <note type="authorReviewed">Charles E. Merriam</note>
                    <note type="authorReviewed">David Y. Thomas</note>
                    <note type="authorReviewed">James W. Garner</note>
                </note>
         </notesStmt>
         <sourceDesc>
            <biblStruct>
               <analytic>
                  <title>Book Review</title>
               </analytic>
               <monogr>
                  <title>Indiana Magazine of History</title>
                  <imprint>
                     <pubPlace>Bloomington, IN</pubPlace>
                     <publisher>Indiana University Department of History in cooperation with
                                the Indiana Historical Society and the Indiana State Library</publisher>
                     <date>1915</date>
                     <biblScope type="issue">1</biblScope>
                     <biblScope type="volume">11</biblScope>
                     <biblScope type="pages">93-94</biblScope>
                  </imprint>
               </monogr>
            </biblStruct>
         </sourceDesc>
      </fileDesc>
      <revisionDesc>
         <change>
            <date>2007-06-28</date>
            <respStmt>
               <name>Natalie E. Whitted</name>
            </respStmt>
            <item>Added authors. Altered publisher.</item>
         </change>
      </revisionDesc>
   </teiHeader>
</ihs>