<?xml version="1.0" encoding="UTF-8"?>
<!DOCTYPE ihs
  SYSTEM "imh_header.dtd">
<ihs id="VAA4025-001-3-a15">
   <teiHeader>
      <fileDesc>
         <titleStmt>
            <title>Indiana Magazine of History</title>
            <respStmt>
               <resp>Encoded by</resp>
               <name>Aptara Inc.</name>
            </respStmt>
         </titleStmt>
         <publicationStmt>
            <publisher>Digital Library Program, Indiana University</publisher>
            <pubPlace>Bloomington, IN</pubPlace>
            <date>2007</date>
            <availability status="unknown">
               <p>Copyright 2007 Trustees of Indiana University</p>
               <p>Indiana University provides the information contained in this file for non-commercial,
        personal, or research use only. All other use, including but not limited to commercial or
        scholarly reproductions, redistribution, publication or transmission, whether by electronic
        means or otherwise, without prior written permission of the copyright holder is strictly
        prohibited.</p>
            </availability>
         </publicationStmt>
         <seriesStmt>
            <title>Indiana Magazine of History</title>
         </seriesStmt>
         <sourceDesc>
            <biblStruct>
               <analytic>
                  <title>Address on the Pottawattomie Indians</title>
                  <author>George S. Cottman</author>
               </analytic>
               <monogr>
                  <title>Indiana Magazine of History</title>
                  <imprint>
                     <pubPlace>Indianapolis, IN</pubPlace>
                     <publisher>George S. Cottman</publisher>
                     <date>1905</date>
                     <biblScope type="issue">3</biblScope>
                     <biblScope type="volume">1</biblScope>
                     <biblScope type="pages">160-162</biblScope>
                  </imprint>
               </monogr>
            </biblStruct>
         </sourceDesc>
      </fileDesc>
      <revisionDesc>
         <change>
            <date>2007-06-19</date>
            <respStmt>
               <name>Natalie E. Whitted</name>
            </respStmt>
            <item>Changed title to point this independent header to the
                    scholarlyArticle that makes up the second half of the original article, which was
                    dividied into a bookReview and a scholarlyArticle. Added author.</item>
         </change>
      </revisionDesc>
   </teiHeader>
</ihs>