<?xml version="1.0" encoding="UTF-8"?>
<!DOCTYPE ihs
  SYSTEM "imh_header.dtd">
<ihs id="VAA4025-009-2-a12">
   <teiHeader>
      <fileDesc>
         <titleStmt>
            <title>Indiana Magazine of History</title>
            <respStmt>
               <resp>Encoded by</resp>
               <name>Aptara Inc.</name>
            </respStmt>
         </titleStmt>
         <publicationStmt>
            <publisher>Digital Library Program, Indiana University</publisher>
            <pubPlace>Bloomington, IN</pubPlace>
            <date>2007</date>
            <availability status="unknown">
               <p>Copyright 2007 Trustees of Indiana University</p>
               <p>Indiana University provides the information contained in this file for non-commercial,
        personal, or research use only. All other use, including but not limited to commercial or
        scholarly reproductions, redistribution, publication or transmission, whether by electronic
        means or otherwise, without prior written permission of the copyright holder is strictly
        prohibited.</p>
            </availability>
         </publicationStmt>
         <seriesStmt>
            <title>Indiana Magazine of History</title>
         </seriesStmt>
         <notesStmt>
            <note type="review">
                    <note type="titleReviewed">The Governments of Europe</note>
                    <note type="authorReviewed">Frederic A. Ogg</note>
                </note>
         </notesStmt>
         <sourceDesc>
            <biblStruct>
               <analytic>
                  <title>Book Review</title>
               </analytic>
               <monogr>
                  <title>Indiana Magazine of History</title>
                  <imprint>
                     <pubPlace>Bloomington, IN</pubPlace>
                     <publisher>Indiana University Department of History in cooperation with
                                the Indiana Historical Society and the Indiana State Library</publisher>
                     <date>1913</date>
                     <biblScope type="issue">2</biblScope>
                     <biblScope type="volume">9</biblScope>
                     <biblScope type="pages">117-117</biblScope>
                  </imprint>
               </monogr>
            </biblStruct>
         </sourceDesc>
      </fileDesc>
      <revisionDesc>
         <change>
            <date>2007-06-26</date>
            <respStmt>
               <name>Annette D. Richmond</name>
            </respStmt>
            <item>Added additional publisher. This article created as the result of splitting
                    VAA4025-009-2-a09 into three parts, each of type bookReview.</item>
         </change>
      </revisionDesc>
   </teiHeader>
</ihs>