<?xml version="1.0" encoding="UTF-8"?>
<!DOCTYPE ihs
  SYSTEM "imh_header.dtd">
<ihs id="VAA4025-005-4-a03">
   <teiHeader>
      <fileDesc>
         <titleStmt>
            <title>Indiana Magazine of History</title>
            <respStmt>
               <resp>Encoded by</resp>
               <name>Aptara Inc.</name>
            </respStmt>
         </titleStmt>
         <publicationStmt>
            <publisher>Digital Library Program, Indiana University</publisher>
            <pubPlace>Bloomington, IN</pubPlace>
            <date>2007</date>
            <availability status="unknown">
               <p>Copyright 2007 Trustees of Indiana University</p>
               <p>Indiana University provides the information contained in this file for non-commercial,
        personal, or research use only. All other use, including but not limited to commercial or
        scholarly reproductions, redistribution, publication or transmission, whether by electronic
        means or otherwise, without prior written permission of the copyright holder is strictly
        prohibited.</p>
            </availability>
         </publicationStmt>
         <seriesStmt>
            <title>Indiana Magazine of History</title>
         </seriesStmt>
         <sourceDesc>
            <biblStruct>
               <analytic>
                  <title>Political Letters of the Post-Bellum Days</title>
                  <author>Duane Mowry</author>
                  <author>Thomas A. Hendricks</author>
                  <author>Winf'd S. Hancock</author>
                  <author>James R. Doolittle</author>
                  <author>John Bigelow</author>
               </analytic>
               <monogr>
                  <title>Indiana Magazine of History</title>
                  <imprint>
                     <pubPlace>Indianapolis, IN</pubPlace>
                     <publisher>Published Under the Direction of The Indiana Historical
                                Society</publisher>
                     <date>1909</date>
                     <biblScope type="issue">4</biblScope>
                     <biblScope type="volume">5</biblScope>
                     <biblScope type="pages">171-180</biblScope>
                  </imprint>
               </monogr>
            </biblStruct>
         </sourceDesc>
      </fileDesc>
      <revisionDesc>
         <change>
            <date>2007-06-21</date>
            <respStmt>
               <name>Annette D. Richmond</name>
            </respStmt>
            <item>Changed publication place and publisher, added authors</item>
         </change>
      </revisionDesc>
   </teiHeader>
</ihs>