<?xml version="1.0" encoding="UTF-8"?>
<!DOCTYPE ihs
  SYSTEM "imh_header.dtd">
<ihs id="VAA4025-008-1-a04">
   <teiHeader>
      <fileDesc>
         <titleStmt>
            <title>Indiana Magazine of History</title>
            <respStmt>
               <resp>Encoded by</resp>
               <name>Aptara Inc.</name>
            </respStmt>
         </titleStmt>
         <publicationStmt>
            <publisher>Digital Library Program, Indiana University</publisher>
            <pubPlace>Bloomington, IN</pubPlace>
            <date>2007</date>
            <availability status="unknown">
               <p>Copyright 2007 Trustees of Indiana University</p>
               <p>Indiana University provides the information contained in this file for non-commercial,
        personal, or research use only. All other use, including but not limited to commercial or
        scholarly reproductions, redistribution, publication or transmission, whether by electronic
        means or otherwise, without prior written permission of the copyright holder is strictly
        prohibited.</p>
            </availability>
         </publicationStmt>
         <seriesStmt>
            <title>Indiana Magazine of History</title>
         </seriesStmt>
         <sourceDesc>
            <biblStruct>
               <analytic>
                  <title>Reprints</title>
                  <author>A. C. Shortridge</author>
                  <author>Calvin M. Young</author>
                  <author>Mrs. M. E. S. Charles</author>
               </analytic>
               <monogr>
                  <title>Indiana Magazine of History</title>
                  <imprint>
                     <pubPlace>Indianapolis, IN</pubPlace>
                     <publisher>Published Under the Direction of The Indiana Historical
                                Society</publisher>
                     <date>1912</date>
                     <biblScope type="issue">1</biblScope>
                     <biblScope type="volume">8</biblScope>
                     <biblScope type="pages">24-41</biblScope>
                  </imprint>
               </monogr>
            </biblStruct>
         </sourceDesc>
      </fileDesc>
      <revisionDesc>
         <change>
            <date>2007-06-25</date>
            <respStmt>
               <name>Annette D. Richmond</name>
            </respStmt>
            <item>Changed publication place and publisher, removed incorrect title information,
                    changed page numbers to reflect splitting article into five articles. [7-9-07:
                    Per Melanie's email of 7-6-07 put the five articles back together into one
                    article. Changed page numbers back and deleted additional independent
                headers.]</item>
         </change>
      </revisionDesc>
   </teiHeader>
</ihs>