<?xml version="1.0" encoding="UTF-8"?>
<!DOCTYPE ihs
  SYSTEM "imh_header.dtd">
<ihs id="VAA4025-002-2-a06">
   <teiHeader>
      <fileDesc>
         <titleStmt>
            <title>Indiana Magazine of History</title>
            <respStmt>
               <resp>Encoded by</resp>
               <name>Aptara Inc.</name>
            </respStmt>
         </titleStmt>
         <publicationStmt>
            <publisher>Digital Library Program, Indiana University</publisher>
            <pubPlace>Bloomington, IN</pubPlace>
            <date>2007</date>
            <availability status="unknown">
               <p>Copyright 2007 Trustees of Indiana University</p>
               <p>Indiana University provides the information contained in this file for non-commercial,
        personal, or research use only. All other use, including but not limited to commercial or
        scholarly reproductions, redistribution, publication or transmission, whether by electronic
        means or otherwise, without prior written permission of the copyright holder is strictly
        prohibited.</p>
            </availability>
         </publicationStmt>
         <seriesStmt>
            <title>Indiana Magazine of History</title>
         </seriesStmt>
         <sourceDesc>
            <biblStruct>
               <analytic>
                  <title>The First Steamboat on White River: From the Journal of an Old
                        Pilot</title>
               </analytic>
               <monogr>
                  <title>Indiana Magazine of History</title>
                  <author>John Scott Elder</author>
                  <author>Emma Carleton</author>
                  <imprint>
                     <pubPlace>Indianapolis, IN</pubPlace>
                     <publisher>George S. Cottman</publisher>
                     <date>1906</date>
                     <biblScope type="issue">2</biblScope>
                     <biblScope type="volume">2</biblScope>
                     <biblScope type="pages">95-96</biblScope>
                  </imprint>
               </monogr>
            </biblStruct>
         </sourceDesc>
      </fileDesc>
      <revisionDesc>
         <change>
            <date>2007-06-15</date>
            <respStmt>
               <name>Annette D. Richmond</name>
            </respStmt>
            <item>Changed publication place and publisher, added authors</item>
         </change>
      </revisionDesc>
   </teiHeader>
</ihs>