<?xml version="1.0" encoding="UTF-8"?>
<!DOCTYPE ihs
  SYSTEM "imh_header.dtd">
<ihs id="VAA4025-008-3-a05">
   <teiHeader>
      <fileDesc>
         <titleStmt>
            <title>Indiana Magazine of History</title>
            <respStmt>
               <resp>Encoded by</resp>
               <name>Aptara Inc.</name>
            </respStmt>
         </titleStmt>
         <publicationStmt>
            <publisher>Digital Library Program, Indiana University</publisher>
            <pubPlace>Bloomington, IN</pubPlace>
            <date>2007</date>
            <availability status="unknown">
               <p>Copyright 2007 Trustees of Indiana University</p>
               <p>Indiana University provides the information contained in this file for non-commercial,
        personal, or research use only. All other use, including but not limited to commercial or
        scholarly reproductions, redistribution, publication or transmission, whether by electronic
        means or otherwise, without prior written permission of the copyright holder is strictly
        prohibited.</p>
            </availability>
         </publicationStmt>
         <seriesStmt>
            <title>Indiana Magazine of History</title>
         </seriesStmt>
         <sourceDesc>
            <biblStruct>
               <analytic>
                  <title>Reprints</title>
                  <author>A. C. Shortridge</author>
                  <author>Julia Merrill Moores</author>
               </analytic>
               <monogr>
                  <title>Indiana Magazine of History</title>
                  <imprint>
                     <pubPlace>Indianapolis, IN</pubPlace>
                     <publisher>Published Under the Direction of The Indiana Historical
                                Society</publisher>
                     <date>1912</date>
                     <biblScope type="issue">3</biblScope>
                     <biblScope type="volume">8</biblScope>
                     <biblScope type="pages">122-145</biblScope>
                  </imprint>
               </monogr>
            </biblStruct>
         </sourceDesc>
      </fileDesc>
      <revisionDesc>
         <change>
            <date>2007-06-25</date>
            <respStmt>
               <name>Annette D. Richmond</name>
            </respStmt>
            <item>Changed publication place and publisher. Created header as a result of change
                    in article type from editorialMaterial to scholarlyArticle. [7-9-07 Changed page
                    numbers to reflect combination of this and following article under title
                    "Reprints".]</item>
         </change>
      </revisionDesc>
   </teiHeader>
</ihs>