<?xml version="1.0" encoding="utf-8"?><TEI xmlns="http://www.tei-c.org/ns/1.0" xmlns:xsi="http://www.w3.org/2001/XMLSchema-instance" xsi:schemaLocation="http://www.tei-c.org/ns/1.0 http://www.dlib.indiana.edu/lib/xml/vwwp/vwwp.xsd" xml:id="VAB7084">
    <teiHeader>
        <fileDesc>
            <titleStmt>
                <title>The Young Gardeners’ Kalendar</title>
                <title type="filing">Young Gardeners’ Kalendar</title>
                <author>Radford, Dollie (1858-1920)</author>
                <respStmt>
                    <resp>Transcribed and encoded by </resp>
                    <name>Felix Jung</name>
                </respStmt>
                <respStmt>
                    <resp>Edited by </resp>
                    <name>Perry Willett</name>
                </respStmt>
                <respStmt xml:id="bn">
                    <resp>E-text Editor</resp>
                    <name>Brian Norberg</name>
                </respStmt>
                <respStmt>
                    <resp>Corrected By</resp>
                    <name xml:id="elizabethmunson">Elizabeth Munson</name>
                </respStmt>
            </titleStmt>
            <extent>TEI formatted filesize uncompressed: 21 kbytes</extent>
            <publicationStmt>
                <publisher>Digital Library Program, Indiana University</publisher>
                <pubPlace>Bloomington, IN</pubPlace>
                <date>October 2, 1995</date>
                <idno>VAB7084</idno>
                <availability status="unknown">
                    <p>© 2009, The Trustees of Indiana University. Indiana University makes a claim
                        of copyright only to original contributions made by the Victorian Women
                        Writers Project participants and other members of the university community.
                        Indiana University makes no claim of copyright to the original text.
                        Permission is granted to download, transmit or otherwise reproduce,
                        distribute or display the contributions to this work claimed by Indiana
                        University for non-profit educational purposes, provided that this header is
                        included in its entirety. For inquiries about commercial uses, please
                        contact:
                        <address><addrLine>Digital Library Program</addrLine><addrLine>Main Library</addrLine><addrLine>Indiana University</addrLine><addrLine>Bloomington, IN 47405</addrLine><addrLine>United States of America</addrLine><addrLine>EMail: diglib@indiana.edu</addrLine></address></p>
                </availability>
            </publicationStmt>
            <seriesStmt>
                <title>Victorian Women Writers Project: an Electronic Collection</title>
                <respStmt>
                    <name>Perry Willett, </name>
                    <resp>General Editor.</resp>
                </respStmt>
            </seriesStmt>
            <notesStmt>
                <note>The transcribed copy is from the library at Washington University, St.
                    Louis.</note>
            </notesStmt>
            <sourceDesc>
                <biblFull>
                    <titleStmt>
                        <title>The Young Gardeners’ Kalendar </title>
                        <author>Radford, Dollie</author>
                        <respStmt>
                            <resp>by </resp>
                            <name>Dollie Radford</name>
                        </respStmt>
                        <respStmt>
                            <resp>with illustrations by </resp>
                            <name>L.E. Wright</name>
                        </respStmt>
                    </titleStmt>
                    <extent>[28] leaves </extent>
                    <publicationStmt>
                        <publisher>Alexander Moring, Ltd. </publisher>
                        <pubPlace>London </pubPlace>
                        <date when="1904">1904</date>
                    </publicationStmt>
                </biblFull>
            </sourceDesc>
        </fileDesc>
        <encodingDesc>
            <editorialDecl><p><note n="false" xml:id="noPageImages">Page images not available for this text.</note></p>
                <p>All poems occur as DIV0. Sonnets are attributed as "type=sonnets"; the rest are
                    "type=poem". All quotation marks, hyphens, dashes, apostrophes and colons have
                    been transcribed as entity references. All &lt;lg&gt; (line groups) are
                    attributed as cantos, stanzas, couplets, verse paragraphs, etc. All poems with
                    regularly indented lines use the attribute "rend" in the &lt;l&gt; tag,
                    with the value "indent1" for one tab stop, "indent2" for two tab stops, etc. All
                    split lines are attributed as "type=i" for the initial portion, and "type=f" for
                    the final portion.</p>
                <p>All apostrophes and single right quotation marks are encoded as
                    &amp;rsquo;.</p>
                <p>Any hyphens occurring in line breaks have been removed; all hyphens are encoded
                    as &amp;hyphen; and em dashes as &amp;mdash;.</p>
            </editorialDecl>
            <tagsDecl>
                <namespace name="http://www.tei-c.org/ns/1.0">
                    <tagUsage gi="address" occurs="3"/>
                    <tagUsage gi="addrline" occurs="11"/>
                    <tagUsage gi="author" occurs="1"/>
                    <tagUsage gi="availability" occurs="1"/>
                    <tagUsage gi="back" occurs="1"/>
                    <tagUsage gi="bibl" occurs="1"/>
                    <tagUsage gi="biblfull" occurs="1"/>
                    <tagUsage gi="body" occurs="1"/>
                    <tagUsage gi="byline" occurs="2"/>
                    <tagUsage gi="change" occurs="3"/>
                    <tagUsage gi="date" occurs="6"/>
                    <tagUsage gi="div" occurs="4"/>
                    <tagUsage gi="div0" occurs="24"/>
                    <tagUsage gi="docauthor" occurs="2"/>
                    <tagUsage gi="docimprint" occurs="1"/>
                    <tagUsage gi="doctitle" occurs="1"/>
                    <tagUsage gi="editorialdecl" occurs="1"/>
                    <tagUsage gi="encodingdesc" occurs="1"/>
                    <tagUsage gi="extent" occurs="2"/>
                    <tagUsage gi="figure" occurs="14"/>
                    <tagUsage gi="filedesc" occurs="1"/>
                    <tagUsage gi="front" occurs="1"/>
                    <tagUsage gi="head" occurs="12"/>
                    <tagUsage gi="item" occurs="3"/>
                    <tagUsage gi="l" occurs="233"/>
                    <tagUsage gi="lg" occurs="39"/>
                    <tagUsage gi="name" occurs="8"/>
                    <tagUsage gi="p" occurs="20"/>
                    <tagUsage gi="pb" occurs="29"/>
                    <tagUsage gi="publicationstmt" occurs="2"/>
                    <tagUsage gi="publisher" occurs="4"/>
                    <tagUsage gi="pubplace" occurs="4"/>
                    <tagUsage gi="resp" occurs="8"/>
                    <tagUsage gi="respstmt" occurs="8"/>
                    <tagUsage gi="revisiondesc" occurs="1"/>
                    <tagUsage gi="seriesstmt" occurs="1"/>
                    <tagUsage gi="sourcedesc" occurs="1"/>
                    <tagUsage gi="tagsdecl" occurs="1"/>
                    <tagUsage gi="tagusage" occurs="45"/>
                    <tagUsage gi="tei.2" occurs="1"/>
                    <tagUsage gi="teiheader" occurs="1"/>
                    <tagUsage gi="text" occurs="1"/>
                    <tagUsage gi="title" occurs="3"/>
                    <tagUsage gi="titlepart" occurs="1"/>
                    <tagUsage gi="titlestmt" occurs="2"/>
                </namespace>
            </tagsDecl>
            <classDecl>
                <taxonomy xml:id="lcsh">
                    <bibl>
                        <title>Library of Congress Subject Headings</title>
                        <ptr target="http://authorities.loc.gov/"/>
                        <note>
                            <p>Library of Congress Subject Headings originate from the source MARC
                                record for the monograph when available.</p>
                        </note>
                    </bibl>
                </taxonomy>
                <taxonomy xml:id="mla">
                    <bibl>
                        <title>Modern Language Association Thesaurus</title>
                        <ptr target="http://www.mla.org/publications/bibliography/howtouse_mlabiblio/howtosearchmlabiblio#mla" type="source"/>
                        <ptr target="http://dlib.indiana.edu/vocabulary/modernlangassocgenre/" type="webservice"/>
                        <note><p> The MLA Bibliography staff has created a thesaurus of over 50,000 terms and 200,000
                            names to ensure consistency in the terms and names assigned during indexing. The VWWP
                            project will utilize a subset of the MLA Thesaurus to assign genre headings to the VWWP
                            texts. </p></note>
                    </bibl>
                </taxonomy>
            </classDecl>
        </encodingDesc>
        <profileDesc>
            <langUsage>
                <language ident="eng">English</language>
            </langUsage>
            <textClass>
                <keywords scheme="#lcsh">
                    <list>
                        <item>Months -- Juvenile poetry</item>
                    </list>
                </keywords>
                <keywords scheme="#mla">
                    <list>
                        <item><term ref="http://terminology.dlib.indiana.edu/vwwpgenre/poetry">poetry</term></item>
                    </list>
                </keywords>
            </textClass>
        </profileDesc>
        <revisionDesc>
            <change><date>1995-09-15</date><label>editor.</label><name>Felix Jung, </name>finished
                data entry, basic encoding and proofing</change>
            <change><date>1995-10-02</date><label>general editor.</label><name>Perry Willett,
                </name>finished TEI-conformant encoding and final proofing</change>
            <change><date>1996-10-19</date><label>general editor.</label><name>Perry Willett,
                </name>fixed entity references to be SDATA</change>
            <change><date>2005-02-06</date><label>Programmer</label><name>Mark Millard,
                </name>Converted from SGML to TEI-XML</change>
            <change when="2009-05-10" who="#bn">Coverted from P4 to P5</change>
            <change when="2009-10-27" who="#bn">Normalized id scheme and encoding</change>
            <change when="2009-11-10" who="#bn">Added Library of Congress subject headings</change>
            <change when="2010-07-30" who="elizabethmunson">Removed date and "a machine
            readable transcription" from fileDesc title</change>
            <change when="2010-07-30" who="elizabethmunson">Added filing title</change>
            <change when="2010-07-30" who="elizabethmunson">Added LCNAF form of author name to sourceDesc (hyphen 
            adjusted for both sourceDesc and fileDesc)</change>
            <change when="2010-07-30" who="elizabethmunson">Normalized date in biblFull/publicationStmt</change>
            <change when="2010-08-26" who="elizabethmunson">Added genre term</change>
            <change when="2010-08-31" who="elizabethmunson">Changed div type="back" to "docImprint"</change>
        </revisionDesc>
    </teiHeader>
    <text>
        <front>
            <pb xml:id="VAB7084-001"/>
            <pb xml:id="VAB7084-002"/>
            <titlePage>
                <docTitle>
                    <titlePart type="main">The Young Gardeners’ Kalendar </titlePart>
                </docTitle>
                <byline>by <docAuthor>Dollie Radford </docAuthor></byline>
                <byline>Pictured by <docAuthor>L.E. Wright </docAuthor></byline>
                <docImprint>
                    <pubPlace>London: </pubPlace>
                    <publisher>At the De La More Press </publisher>
                    <address><addrLine>32 George Street</addrLine><addrLine>Hanover Square W</addrLine></address>
                </docImprint>
            </titlePage>
            <pb xml:id="VAB7084-003"/>
            <div type="dedication">
                <head type="supplied">Dedication</head>
                <p>To May Graham Wallas</p>
            </div>
        </front>
        <pb xml:id="VAB7084-004"/>
        <body>
            <pb xml:id="VAB7084-005"/>
            <pb xml:id="VAB7084-006"/>
            <div type="poem">
                <head>JANUARY</head>
                <lg type="verse_paragraph">
                    <l>Trees look empty, branches bare,</l>
                    <l rend="ti-1">When the busy months begin,</l>
                    <l>Gardeners all must have a care</l>
                    <l rend="ti-1">Not to stay too much within.</l>
                </lg>
                <lg type="verse_paragraph">
                    <l>Catkins, on the hazel, show</l>
                    <l rend="ti-1">Garden work has well begun;</l>
                    <l>Snowdrops in a shining row</l>
                    <l rend="ti-1">Blossom in the winter sun.</l>
                </lg>
                <lg type="verse_paragraph">
                    <l>Brush the Old Year leaves away,</l>
                    <l rend="ti-1">Make the New Year garden neat,</l>
                    <l>Gardeners must not stop for play</l>
                    <l rend="ti-1">Till their labour is complete.</l>
                </lg>
            </div>
            <pb xml:id="VAB7084-007"/>
            <pb xml:id="VAB7084-008"/>
            <div type="poem">
                <head>FEBRUARY</head>
                <l>Of all sweet days that come and go,</l>
                <l rend="ti-3">The sweetest fall</l>
                <l>When first the almond blossoms show,</l>
                <l rend="ti-3">Above the wall:</l>
                <l>When through their flowers a cloudless sky</l>
                <l rend="ti-3">Shines clear and blue,</l>
                <l>You know the spring will soon be by</l>
                <l rend="ti-3">With flowers for you.</l>
                <l>Then sow your treasured seeds nor let</l>
                <l rend="ti-3">The month grow old,</l>
                <l>Ere borage and sweet thyme are set,</l>
                <l rend="ti-3">And marigold:</l>
                <l>Put larkspurs, too, beside the gate</l>
                <l rend="ti-3">Among the grass,</l>
                <l>Like sentinels in blue, to wait</l>
                <l rend="ti-3">When friends do pass;</l>
                <l>And sweet‐peas in a gracious line,</l>
                <l rend="ti-3">To make a blaze</l>
                <l>Of rainbow colours, rich and fine,</l>
                <l rend="ti-3">In summer days.</l>
            </div>
            <pb xml:id="VAB7084-009"/>
            <pb xml:id="VAB7084-010"/>
            <div type="poem">
                <head>MARCH</head>
                <lg type="verse_paragraph">
                    <l>Purple, white and yellow cup,</l>
                    <l>Now the crocus reaches up</l>
                    <l>Treasured blossoms, every one,</l>
                    <l>Fearless to the wind and sun.</l>
                </lg>
                <lg type="verse_paragraph">
                    <l>Hyacinths with stately heads,</l>
                    <l>Make processions through the beds,</l>
                    <l>While the little squills dance by</l>
                    <l>In the colour of the sky.</l>
                </lg>
                <lg type="verse_paragraph">
                    <l>Now beside the privet row,</l>
                    <l>Many dainty wind‐flowers blow,</l>
                    <l>Strayed sweet dwellers of the wood,</l>
                    <l>Come to stay with you for good.</l>
                </lg>
                <lg type="verse_paragraph">
                    <l>You must then sow speedily,</l>
                    <l>Hollyhocks and honesty,</l>
                    <l>Gilliflowers and columbine,</l>
                    <l>Sweetly scented eglantine—</l>
                </lg>
                <lg type="verse_paragraph">
                    <l>Canterbury bells, to ring</l>
                    <l>Summer in with triumphing,</l>
                    <l>And nasturtiums bright, to fill</l>
                    <l>Every empty window‐sill.</l>
                </lg>
                <lg type="verse_paragraph">
                    <l>Little slips of lavender—</l>
                    <l>Where no busy feet do stir,</l>
                    <l>Southernwood for bushes high,</l>
                    <l>Rosemary for by and by—</l>
                </lg>
                <lg type="verse_paragraph">
                    <l>Plant them all while March is here:</l>
                    <l>While his crest and flashing spear</l>
                    <l>Shine throughout the happy land,</l>
                    <l>Do your work with joyous hand.</l>
                </lg>
            </div>
            <pb xml:id="VAB7084-011"/>
            <pb xml:id="VAB7084-012"/>
            <div type="poem">
                <head>APRIL</head>
                <lg type="verse_paragraph">
                    <l>Through the meadow April comes,</l>
                    <l rend="ti-2">Leaving, as he passes,</l>
                    <l>Companies of daffodils</l>
                    <l rend="ti-2">All among the grasses.</l>
                </lg>
                <lg type="verse_paragraph">
                    <l>Tulips round about the door,</l>
                    <l rend="ti-2">Ranged in martial order;</l>
                    <l>Violets in sweet array,</l>
                    <l rend="ti-2">Up and down the border.</l>
                </lg>
                <lg type="verse_paragraph">
                    <l>And beside the lily‐pond,</l>
                    <l rend="ti-2">Mindful of its sleepers,</l>
                    <l>Guards of light frittillaries,</l>
                    <l rend="ti-2">For its fairy keepers.</l>
                </lg>
                <lg type="verse_paragraph">
                    <l>Sow your fine chrysanthemums</l>
                    <l rend="ti-2">While he blithely passes,</l>
                    <l>Dahlias too, and thrift, to blow</l>
                    <l rend="ti-2">All among your grasses.</l>
                </lg>
            </div>
            <pb xml:id="VAB7084-013"/>
            <pb xml:id="VAB7084-014"/>
            <div type="poem">
                <head>MAY</head>
                <l>Red may and white may shine</l>
                <l rend="ti-2">All round the lawn,</l>
                <l>Lilac and golden‐rain</l>
                <l rend="ti-2">Show there at dawn:</l>
                <l>There the big chestnuts stand</l>
                <l rend="ti-2">In a great row,</l>
                <l>Mountains where fairies build</l>
                <l rend="ti-2">Castles of snow:</l>
                <l>Down all the grassy slopes</l>
                <l rend="ti-2">Cowslips are gay,</l>
                <l>Green banks are yellow where</l>
                <l rend="ti-2">Primroses stray.</l>
                <l>Pear‐bloom and plum now lie</l>
                <l rend="ti-2">Thick on the trees,</l>
                <l>Cherry with lighter hold</l>
                <l rend="ti-2">Stirs in the breeze.</l>
                <l>Now from their leafy beds</l>
                <l rend="ti-2">Lilies do bring</l>
                <l>Rarest of all the rare</l>
                <l rend="ti-2">Perfumes of Spring.</l>
                <l>Set all your seedlings out,</l>
                <l rend="ti-2">May sun is strong,</l>
                <l>Through all the garden beds</l>
                <l rend="ti-2">Spread them along.</l>
                <l>Carefully weed, and then</l>
                <l rend="ti-2">Sow mignonette,</l>
                <l>Pinks and sweet‐williams ere</l>
                <l rend="ti-2">May month has set.</l>
            </div>
            <pb xml:id="VAB7084-015"/>
            <pb xml:id="VAB7084-016"/>
            <div type="poem">
                <head>JUNE</head>
                <lg type="verse_paragraph">
                    <l>Roses pink and roses red,</l>
                    <l>Hold a court in every bed;</l>
                    <l>Stately lilies tall and white,</l>
                    <l>Pay them homage day and night.</l>
                </lg>
                <lg type="verse_paragraph">
                    <l>Marigolds and poppies show</l>
                    <l>In a rich and radiant row,</l>
                    <l>And beyond their splendid line,</l>
                    <l>Irises in purple shine.</l>
                </lg>
                <lg type="verse_paragraph">
                    <l>Honeysuckle scents the air,</l>
                    <l>Loveliness is everywhere,</l>
                    <l>And beside the border‐grass</l>
                    <l>Venus’s own looking‐glass.</l>
                </lg>
                <lg type="verse_paragraph">
                    <l>Now the privet bears its flowers,</l>
                    <l>Now the petals fall in showers</l>
                    <l>Where a white syringa‐tree</l>
                    <l>Guards the homely honesty.</l>
                </lg>
                <lg type="verse_paragraph">
                    <l>Bulbs must come from out the ground,</l>
                    <l>Young ones must be good and sound,</l>
                    <l>And with care be put away</l>
                    <l>For another gardening day.</l>
                </lg>
                <lg type="verse_paragraph">
                    <l>Water well, and tie, and trim,</l>
                    <l>June fills quickly to the brim,</l>
                    <l>Fills with work for those who’d be</l>
                    <l>Helpers in her husbandry.</l>
                </lg>
            </div>
            <pb xml:id="VAB7084-017"/>
            <pb xml:id="VAB7084-018"/>
            <div type="poem">
                <head>JULY</head>
                <lg type="verse_paragraph">
                    <l>Jasmine blossoms round the arbour,</l>
                    <l rend="ti-1">Elder spreads along the air,</l>
                    <l>Hollyhocks stand proudly tallest</l>
                    <l rend="ti-1">In the fragrant thoroughfare.</l>
                </lg>
                <lg type="verse_paragraph">
                    <l>Pansies, like a ’broidered carpet,</l>
                    <l rend="ti-1">Through the garden ways are set,</l>
                    <l>And the sweet‐peas catch the sunlight</l>
                    <l rend="ti-1">In a tangled flowery net.</l>
                </lg>
                <lg type="verse_paragraph">
                    <l>Sunflowers, with a kingly bearing,</l>
                    <l rend="ti-1">Hold their golden heads on high,</l>
                    <l>Pinks breathe out a friendly welcome</l>
                    <l rend="ti-1">Every time you pass them by.</l>
                </lg>
                <lg type="verse_paragraph">
                    <l>Gather seeds while seeds do ripen</l>
                    <l rend="ti-1">In the bounteous July sun,</l>
                    <l>Garner well the treasure‐packets</l>
                    <l rend="ti-1">In your store‐house one by one.</l>
                </lg>
                <lg type="verse_paragraph">
                    <l>And before the month is over,</l>
                    <l rend="ti-1">Pluck sweet lavender and dry</l>
                    <l>All its tiny flowers for sweetness,</l>
                    <l rend="ti-1">In the winter by and by.</l>
                </lg>
            </div>
            <pb xml:id="VAB7084-019"/>
            <pb xml:id="VAB7084-020"/>
            <div type="poem">
                <head>AUGUST</head>
                <lg type="verse_paragraph">
                    <l>Like a delicate sea coral,</l>
                    <l rend="ti-2">Barberry shines here and there,</l>
                    <l>Through the brightness of a garden</l>
                    <l rend="ti-2">Filled with all the summer’s ware;</l>
                    <l>And the fuchsia hangs its blossom</l>
                    <l rend="ti-2">In the richly scented air.</l>
                </lg>
                <lg type="verse_paragraph">
                    <l>Passion‐flowers in sober beauty,</l>
                    <l rend="ti-2">Through the trellis twine and twist,</l>
                    <l>And the stocks breathe out their fragrance</l>
                    <l rend="ti-2">Near the sweet love‐in‐a‐mist;</l>
                    <l>Where the bees all day for gladness</l>
                    <l rend="ti-2">In their honey‐search persist.</l>
                </lg>
                <lg type="verse_paragraph">
                    <l>Cut your box and mow your grass now,</l>
                    <l rend="ti-2">Lest they grow too thin and high,</l>
                    <l>Gather herbs too, for distilling,</l>
                    <l rend="ti-2">As was done in days gone by,</l>
                    <l>For the old ways are the wisest</l>
                    <l rend="ti-2">When our gardening plans run high.</l>
                </lg>
            </div>
            <pb xml:id="VAB7084-021"/>
            <pb xml:id="VAB7084-022"/>
            <div type="poem">
                <head>SEPTEMBER</head>
                <lg type="verse_paragraph">
                    <l>September brings the ripening sun,</l>
                    <l rend="ti-2">The clear sharp morning air,</l>
                    <l>And asters in a border wide,</l>
                    <l>And daisies for the garden’s pride,</l>
                    <l rend="ti-2">And foxgloves everywhere.</l>
                </lg>
                <lg type="verse_paragraph">
                    <l>Among the rushes and the reeds</l>
                    <l rend="ti-2">Long purples bend and sway,</l>
                    <l>Between the water and the land,</l>
                    <l>Beside the shining stream they stand</l>
                    <l rend="ti-2">Till Autumn fades away.</l>
                </lg>
                <lg type="verse_paragraph">
                    <l>Plant crocuses and tulips rare,</l>
                    <l rend="ti-2">To bloom in next Year’s Spring,</l>
                    <l>And crown imperials rich and fine,</l>
                    <l>To stand up in a glorious line</l>
                    <l rend="ti-2">Amid new blossoming.</l>
                </lg>
            </div>
            <pb xml:id="VAB7084-023"/>
            <pb xml:id="VAB7084-024"/>
            <div type="poem">
                <head>OCTOBER</head>
                <lg type="verse_paragraph">
                    <l>Where the beech and maple grow</l>
                    <l>Leaves as bright as flowers show,</l>
                    <l>Every path, and garden bed,</l>
                    <l>Are ablaze with gold and red.</l>
                </lg>
                <lg type="verse_paragraph">
                    <l>Down the lane, and through the stiles,</l>
                    <l>Berries shine for miles and miles,</l>
                    <l>Hips and haws and night‐shade deep,</l>
                    <l>Do the hedge‐rows festal keep.</l>
                </lg>
                <lg type="verse_paragraph">
                    <l>For your happy wearing see,</l>
                    <l>Matchless wreaths of briony,</l>
                    <l>Fairer than a jewelled crown</l>
                    <l>For a child to gather down.</l>
                </lg>
                <lg type="verse_paragraph">
                    <l>Now is pleasant work all‐day,</l>
                    <l>In the orchard where you play,</l>
                    <l>Laden branches bid you sing</l>
                    <l>Of a plenteous gathering.</l>
                </lg>
            </div>
            <pb xml:id="VAB7084-025"/>
            <pb xml:id="VAB7084-026"/>
            <div type="poem">
                <head>NOVEMBER</head>
                <lg type="verse_paragraph">
                    <l>Still the garden blossoms bravely,</l>
                    <l rend="ti-2">Though the Year is nearly done,</l>
                    <l>Fresh chrysanthemums are shining</l>
                    <l rend="ti-2">In the pale and wintry sun.</l>
                </lg>
                <lg type="verse_paragraph">
                    <l>Such a number of bright colours</l>
                    <l rend="ti-2">Make the beds and borders plain,</l>
                    <l>We believe the summer roses</l>
                    <l rend="ti-2">Must have all come back again.</l>
                </lg>
                <lg type="verse_paragraph">
                    <l>Now’s the time when great plantations</l>
                    <l rend="ti-2">Must be planted, oak and fir,</l>
                    <l>Beech and elm, and towering poplar</l>
                    <l rend="ti-2">That the wandering night‐winds stir.</l>
                </lg>
                <lg type="verse_paragraph">
                    <l>And the time when treasured fruit‐stones,</l>
                    <l rend="ti-2">In the summer stored away,</l>
                    <l>Must be set, that spreading orchards</l>
                    <l rend="ti-2">May grow up another day.</l>
                </lg>
            </div>
            <pb xml:id="VAB7084-027"/>
            <pb xml:id="VAB7084-028"/>
            <div type="poem">
                <head>DECEMBER</head>
                <l>No gardener need go far to find</l>
                <l rend="ti-2">The Christmas rose,</l>
                <l>The fairest of the flowers that mark</l>
                <l rend="ti-2">The sweet Year’s close:</l>
                <l>Nor be in quest of places where</l>
                <l rend="ti-2">The hollies grow,</l>
                <l>Nor seek for sacred trees that hold</l>
                <l rend="ti-2">The mistletoe.</l>
                <l>All kindly tended gardens love</l>
                <l rend="ti-2">December days,</l>
                <l>And spread their latest riches out</l>
                <l rend="ti-2">In winter’s praise.</l>
                <l>But every gardener’s work this month</l>
                <l rend="ti-2">Must surely be</l>
                <l>To choose a very beautiful</l>
                <l rend="ti-2">Big Christmas tree,</l>
                <l>And see it through the open door</l>
                <l rend="ti-2">In triumph ride,</l>
                <l>To reign a glorious reign within</l>
                <l rend="ti-2">At Christmas‐tide.</l>
            </div>
        </body>
        <pb xml:id="VAB7084-029"/>
        <back>
            <div type="docImprint">
                <bibl>
                    <publisher>Alexander Moring, Limited The De La More Press </publisher>
                    <pubPlace>
                        <address><addrLine>32 George St. </addrLine><addrLine>Hanover Square</addrLine><addrLine>London W</addrLine></address>
                        <date>1904</date>
                    </pubPlace>
                </bibl>
            </div>
        </back>
    </text>
</TEI>