<?xml version="1.0" encoding="utf-8"?><TEI xmlns="http://www.tei-c.org/ns/1.0" xmlns:xsi="http://www.w3.org/2001/XMLSchema-instance" xsi:schemaLocation="http://www.tei-c.org/ns/1.0 http://www.dlib.indiana.edu/lib/xml/vwwp/vwwp.xsd" xml:id="VAB7093">
    <teiHeader>
        <fileDesc>
            <titleStmt>
                <title>A Ballad of Religion and Marriage</title>
                <title type="filing">Ballad of Religion and Marriage</title>
                <author>Levy, Amy (1861-1889)</author>
                <respStmt>
                    <resp>Transcribed by </resp>
                    <name>Donald J. Gray</name>
                </respStmt>
                <respStmt>
                    <resp>Encoded and edited by </resp>
                    <name>Perry Willett</name>
                </respStmt>
                <respStmt xml:id="bn">
                    <resp>E-text Editor</resp>
                    <name>Brian Norberg</name>
                </respStmt>
                <respStmt>
                    <resp>Corrected By</resp>
                    <name xml:id="elizabethmunson">Elizabeth Munson</name>
                </respStmt>
            </titleStmt>
            <extent>TEI formatted filesize uncompressed: approx. 8 kbytes</extent>
            <publicationStmt>
                <publisher>Digital Library Program, Indiana University</publisher>
                <pubPlace>Bloomington, IN</pubPlace>
                <date>October 16, 1996</date>
                <idno>VAB7093</idno>
                <availability status="unknown">
                    <p>© 2009, The Trustees of Indiana University. Indiana University makes a claim
                        of copyright only to original contributions made by the Victorian Women
                        Writers Project participants and other members of the university community.
                        Indiana University makes no claim of copyright to the original text.
                        Permission is granted to download, transmit or otherwise reproduce,
                        distribute or display the contributions to this work claimed by Indiana
                        University for non-profit educational purposes, provided that this header is
                        included in its entirety. For inquiries about commercial uses, please
                        contact:
                        <address><addrLine>Digital Library Program</addrLine><addrLine>Main Library</addrLine><addrLine>Indiana University</addrLine><addrLine>Bloomington, IN 47405</addrLine><addrLine>United States of America</addrLine><addrLine>EMail: diglib@indiana.edu</addrLine></address></p>
                </availability>
            </publicationStmt>
            <seriesStmt>
                <title>Victorian Women Writers Project: an Electronic Collection</title>
                <respStmt>
                    <name>Perry Willett, </name>
                    <resp>General Editor.</resp>
                </respStmt>
            </seriesStmt>
            <notesStmt>
                <note>The transcribed copy is from the Houghton Library, Harvard University.</note>
            </notesStmt>
            <sourceDesc>
                <biblFull>
                    <titleStmt>
                        <title>A Ballad of Religion and Marriage</title>
                        <author>Levy, Amy, 1861-1889</author>
                        <respStmt>
                            <resp>by </resp>
                            <name>Amy Levy </name>
                        </respStmt>
                    </titleStmt>
                    <extent>[3 p.] </extent>
                    <publicationStmt>
                        <publisher>[s.n.]</publisher>
                        <pubPlace>[s.l.]</pubPlace>
                        <date type="unknown">[n.d.]</date>
                    </publicationStmt>
                </biblFull>
            </sourceDesc>
        </fileDesc>
        <encodingDesc>
            <editorialDecl><p><note n="false" xml:id="noPageImages">Page images not available for this text.</note></p>
                <p>All poems occur as DIV0. Sonnets are attributed as "type=sonnets"; the rest are
                    "type=poem". All quotation marks, hyphens, dashes, apostrophes and colons have
                    been transcribed as entity references. All &lt;lg&gt; (line groups) are
                    attributed as cantos, stanzas, couplets, verse paragraphs, etc. All poems with
                    regularly indented lines use the attribute "rend" in the &lt;l&gt; tag,
                    with the value "indent1" for one tab stop, "indent2" for two tab stops, etc. All
                    split lines are attributed as "type=i" for the initial portion, and "type=f" for
                    the final portion.</p>
                <p>All apostrophes and single right quotation marks are encoded as
                    &amp;rsquo;.</p>
                <p>Any hyphens occurring in line breaks have been removed; all hyphens are encoded
                    as &amp;hyphen; and em dashes as &amp;mdash;.</p>
            </editorialDecl>
            <tagsDecl>
                <namespace name="http://www.tei-c.org/ns/1.0">
                    <tagUsage gi="address" occurs="1"/>
                    <tagUsage gi="addrline" occurs="6"/>
                    <tagUsage gi="author" occurs="1"/>
                    <tagUsage gi="availability" occurs="1"/>
                    <tagUsage gi="biblfull" occurs="1"/>
                    <tagUsage gi="body" occurs="1"/>
                    <tagUsage gi="byline" occurs="1"/>
                    <tagUsage gi="change" occurs="3"/>
                    <tagUsage gi="closer" occurs="1"/>
                    <tagUsage gi="date" occurs="5"/>
                    <tagUsage gi="div" occurs="1"/>
                    <tagUsage gi="div0" occurs="1"/>
                    <tagUsage gi="docauthor" occurs="1"/>
                    <tagUsage gi="doctitle" occurs="1"/>
                    <tagUsage gi="editorialdecl" occurs="1"/>
                    <tagUsage gi="encodingdesc" occurs="1"/>
                    <tagUsage gi="extent" occurs="2"/>
                    <tagUsage gi="figure" occurs="3"/>
                    <tagUsage gi="filedesc" occurs="1"/>
                    <tagUsage gi="front" occurs="1"/>
                    <tagUsage gi="head" occurs="1"/>
                    <tagUsage gi="item" occurs="3"/>
                    <tagUsage gi="l" occurs="28"/>
                    <tagUsage gi="lg" occurs="4"/>
                    <tagUsage gi="name" occurs="8"/>
                    <tagUsage gi="p" occurs="8"/>
                    <tagUsage gi="pb" occurs="2"/>
                    <tagUsage gi="publicationstmt" occurs="2"/>
                    <tagUsage gi="publisher" occurs="2"/>
                    <tagUsage gi="pubplace" occurs="2"/>
                    <tagUsage gi="resp" occurs="7"/>
                    <tagUsage gi="respstmt" occurs="7"/>
                    <tagUsage gi="revisiondesc" occurs="1"/>
                    <tagUsage gi="seriesstmt" occurs="1"/>
                    <tagUsage gi="signed" occurs="1"/>
                    <tagUsage gi="sourcedesc" occurs="1"/>
                    <tagUsage gi="tagsdecl" occurs="1"/>
                    <tagUsage gi="tagusage" occurs="1"/>
                    <tagUsage gi="tei.2" occurs="46"/>
                    <tagUsage gi="teiheader" occurs="1"/>
                    <tagUsage gi="text" occurs="1"/>
                    <tagUsage gi="title" occurs="3"/>
                    <tagUsage gi="titlepage" occurs="1"/>
                    <tagUsage gi="titlepart" occurs="1"/>
                    <tagUsage gi="titlestmt" occurs="2"/>
                    <tagUsage gi="trailer" occurs="1"/>
                </namespace>
            </tagsDecl>
            <classDecl>
                <taxonomy xml:id="lcsh">
                    <bibl>
                        <title>Library of Congress Subject Headings</title>
                        <ptr target="http://authorities.loc.gov/"/>
                        <note>
                            <p>Library of Congress Subject Headings originate from the source MARC
                                record for the monograph when available.</p>
                        </note>
                    </bibl>
                </taxonomy>
                <taxonomy xml:id="mla">
                    <bibl>
                        <title>Modern Language Association Thesaurus</title>
                        <ptr target="http://www.mla.org/publications/bibliography/howtouse_mlabiblio/howtosearchmlabiblio#mla" type="source"/>
                        <ptr target="http://dlib.indiana.edu/vocabulary/modernlangassocgenre/" type="webservice"/>
                        <note><p> The MLA Bibliography staff has created a thesaurus of over 50,000 terms and 200,000
                            names to ensure consistency in the terms and names assigned during indexing. The VWWP
                            project will utilize a subset of the MLA Thesaurus to assign genre headings to the VWWP
                            texts. </p></note>
                    </bibl>
                </taxonomy>
            </classDecl>
        </encodingDesc>
        <profileDesc>
            <langUsage>
                <language ident="eng">English</language>
            </langUsage>
            <textClass>
                <keywords scheme="#lcsh">
                    <list>
                        <item>Women poets -- 19th century</item> 
                        <item>British literature -- 19th century</item> 
                        <item>Pamphlets</item>
                        <item>Poetry -- 19th century</item>
                    </list>
                </keywords>
                <keywords scheme="#mla">
                    <list>
                        <item><term ref="http://terminology.dlib.indiana.edu/vwwpgenre/poetry">poetry</term></item>
                    </list>
                </keywords>
            </textClass>
        </profileDesc>
        <revisionDesc>
            <change><date>1995-08-16</date><label>contributing editor.</label><name>Donald J. Gray,
                </name>finished transcription</change>
            <change><date>1996-10-16</date><label>general editor.</label><name>Perry Willett,
                </name>finished TEI-conformant encoding and proofing</change>
            <change><date>1996-10-19</date><label>general editor.</label><name>Perry Willett,
                </name>fixed entity references to be SDATA</change>
            <change><date>2005-02-06</date><label>Programmer</label><name>Mark Millard,
                </name>Converted from SGML to TEI-XML</change>
            <change when="2009-05-10" who="#bn">Coverted from P4 to P5</change>
            <change when="2009-10-27" who="#bn">Normalized id scheme and encoding</change>
            <change when="2009-11-11" who="#bn">Added Library of Congress subject headings</change>
            <change when="2010-07-30" who="elizabethmunson">Removed date and "a machine
            readable transcription" from fileDesc title.</change>
            <change when="2010-08-02" who="elizabethmunson">Note that original title read: A Ballad of Religion and Marriage (1915?)</change>
            <change when="2010-07-30" who="elizabethmunson">Added filing title</change>
            <change when="2010-07-30" who="elizabethmunson">Added LCNAF form of author name to sourceDesc (hyphen 
            adjusted for both sourceDesc and fileDesc)</change>
            <change when="2010-08-02" who="elizabethmunson">Added date @type="unknown"</change>
            <change when="2010-08-26" who="elizabethmunson">Added genre term</change>
        </revisionDesc>
    </teiHeader>
    <text>
        <front>
            <titlePage>
                <docTitle>
                    <titlePart type="main">A BALLAD OF RELIGION AND MARRIAGE</titlePart>
                </docTitle>
                <byline>BY <docAuthor>Amy Levy.</docAuthor></byline>
            </titlePage>
        </front>
        <body>
            <div type="poem">
                <head>A BALLAD OF RELIGION AND MARRIAGE</head>
                <lg type="verse_paragraph">
                    <l>Swept into limbo is the host</l>
                    <l rend="ti-1">Of heavenly angels, row on row;</l>
                    <l>The Father, Son, and Holy Ghost,</l>
                    <l rend="ti-1">Pale and defeated, rise and go.</l>
                    <l>The great Jehovah is laid low,</l>
                    <l rend="ti-1">Vanished his burning bush and rod—</l>
                    <l>Say, are we doomed to deeper woe?</l>
                    <l rend="ti-1">Shall marriage go the way of God?</l>
                </lg>
                <lg type="verse_paragraph">
                    <l>Monogamous, still at our post,</l>
                    <l rend="ti-1">Reluctantly we undergo</l>
                    <l>Domestic round of boiled and roast,</l>
                    <l rend="ti-1">Yet deem the whole proceeding slow.</l>
                    <l>Daily the secret murmurs grow;</l>
                    <l rend="ti-1">We are no more content to plod</l>
                    <l>Along the beaten paths—and so</l>
                    <l rend="ti-1">Marriage must go the way of God.</l>
                </lg>
                <pb xml:id="VAB7093-001"/>
                <p> </p>
                <lg type="verse_paragraph">
                    <l>Soon, before all men, each shall toast</l>
                    <l rend="ti-1">The seven strings unto his bow,</l>
                    <l>Like beacon fires along the coast,</l>
                    <l rend="ti-1">The flame of love shall glance and glow.</l>
                    <l>Nor let nor hindrance man shall know,</l>
                    <l rend="ti-1">From natal bath to funeral sod;</l>
                    <l>Perennial shall his pleasures flow</l>
                    <l rend="ti-1">When marriage goes the way of God.</l>
                </lg>
                <lg type="verse_paragraph">
                    <l>Grant, in a million years at most,</l>
                    <l rend="ti-1">Folk shall be neither pairs nor odd—</l>
                    <l>Alas! we sha’n’t be there to boast</l>
                    <l rend="ti-1">“Marriage has gone the way of God!”</l>
                </lg>
            </div>
            <closer>
                <signed>
                    <name>AMY LEVY.</name>
                </signed>
            </closer>
            <pb xml:id="VAB7093-002"/>
            <trailer>Of this pamphlet 12 copies only have been printed for private circulation.
            </trailer>
        </body>
    </text>
</TEI>