<?xml version="1.0" encoding="utf-8"?><TEI xmlns="http://www.tei-c.org/ns/1.0" xmlns:xsi="http://www.w3.org/2001/XMLSchema-instance" xsi:schemaLocation="http://www.tei-c.org/ns/1.0 http://www.dlib.indiana.edu/lib/xml/vwwp/vwwp.xsd" xml:id="VAB7096">
    <teiHeader>
        <fileDesc>
            <titleStmt>
                <title>A Light Load</title>
                <title type="filing">Light Load</title>
                <author>Radford, Dollie (1858-1920)</author>
                <respStmt>
                    <resp>Transcribed and encoded by </resp>
                    <name>Felix Jung</name>
                </respStmt>
                <respStmt>
                    <resp>Edited by </resp>
                    <name>Perry Willett</name>
                </respStmt>
                <respStmt xml:id="bn">
                    <resp>E-text Editor</resp>
                    <name>Brian Norberg</name>
                </respStmt>
                <respStmt>
                    <resp>Corrected By</resp>
                    <name xml:id="elizabethmunson">Elizabeth Munson</name>
                </respStmt>
            </titleStmt>
            <extent>TEI formatted filesize uncompressed: approx. 57 kbytes</extent>
            <publicationStmt>
                <publisher>Digital Library Program, Indiana University</publisher>
                <pubPlace>Bloomington, IN</pubPlace>
                <date>November 12, 1995</date>
                <idno>VAB7096</idno>
                <availability status="unknown">
                    <p>© 2009, The Trustees of Indiana University. Indiana University makes a claim
                        of copyright only to original contributions made by the Victorian Women
                        Writers Project participants and other members of the university community.
                        Indiana University makes no claim of copyright to the original text.
                        Permission is granted to download, transmit or otherwise reproduce,
                        distribute or display the contributions to this work claimed by Indiana
                        University for non-profit educational purposes, provided that this header is
                        included in its entirety. For inquiries about commercial uses, please
                        contact:
                        <address><addrLine>Digital Library Program</addrLine><addrLine>Main Library</addrLine><addrLine>Indiana University</addrLine><addrLine>Bloomington, IN 47405</addrLine><addrLine>United States of America</addrLine><addrLine>EMail: diglib@indiana.edu</addrLine></address></p>
                </availability>
            </publicationStmt>
            <seriesStmt>
                <title>Victorian Women Writers Project: an Electronic Collection</title>
                <respStmt>
                    <name>Perry Willett, </name>
                    <resp>General Editor.</resp>
                </respStmt>
            </seriesStmt>
            <notesStmt>
                <note>The transcribed copy is from the Lilly Library, Indiana University. </note>
            </notesStmt>
            <sourceDesc>
                <biblFull>
                    <titleStmt>
                        <title>A Light Load</title>
                        <author>Radford, Dollie</author>
                        <respStmt>
                            <resp>by </resp>
                            <name>Dollie Radford</name>
                        </respStmt>
                    </titleStmt>
                    <extent>xi, 64 p. </extent>
                    <publicationStmt>
                        <publisher>Elkin Mathews </publisher>
                        <pubPlace>London</pubPlace>
                        <date when="1891">1891</date>
                    </publicationStmt>
                </biblFull>
            </sourceDesc>
        </fileDesc>
        <encodingDesc>
            <editorialDecl><p><note n="false" xml:id="noPageImages">Page images not available for this text.</note></p>
                <p>All poems occur as DIV0. Sonnets are attributed as "type=sonnets"; the rest are
                    "type=poem". All quotation marks, hyphens, dashes, apostrophes and colons have
                    been transcribed as entity references. All &lt;lg&gt; (line groups) are
                    attributed as cantos, stanzas, couplets, verse paragraphs, etc. All poems with
                    regularly indented lines use the attribute "rend" in the &lt;l&gt; tag,
                    with the value "indent1" for one tab stop, "indent2" for two tab stops, etc. All
                    split lines are attributed as "type=i" for the initial portion, and "type=f" for
                    the final portion.</p>
                <p>All apostrophes and single right quotation marks are encoded as
                    &amp;rsquo;.</p>
                <p>Any hyphens occurring in line breaks have been removed; all hyphens are encoded
                    as &amp;hyphen; and em dashes as &amp;mdash;.</p>
            </editorialDecl>
            <tagsDecl>
                <namespace name="http://www.tei-c.org/ns/1.0">
                    <tagUsage gi="address" occurs="1"/>
                    <tagUsage gi="addrline" occurs="6"/>
                    <tagUsage gi="author" occurs="1"/>
                    <tagUsage gi="availability" occurs="1"/>
                    <tagUsage gi="bibl" occurs="2"/>
                    <tagUsage gi="biblfull" occurs="1"/>
                    <tagUsage gi="body" occurs="1"/>
                    <tagUsage gi="byline" occurs="1"/>
                    <tagUsage gi="change" occurs="3"/>
                    <tagUsage gi="corr" occurs="1"/>
                    <tagUsage gi="date" occurs="5"/>
                    <tagUsage gi="div" occurs="3"/>
                    <tagUsage gi="div0" occurs="46"/>
                    <tagUsage gi="docauthor" occurs="1"/>
                    <tagUsage gi="docdate" occurs="1"/>
                    <tagUsage gi="docimprint" occurs="1"/>
                    <tagUsage gi="doctitle" occurs="1"/>
                    <tagUsage gi="editorialdecl" occurs="1"/>
                    <tagUsage gi="emph" occurs="1"/>
                    <tagUsage gi="encodingdesc" occurs="1"/>
                    <tagUsage gi="epigraph" occurs="1"/>
                    <tagUsage gi="extent" occurs="2"/>
                    <tagUsage gi="figure" occurs="1"/>
                    <tagUsage gi="filedesc" occurs="1"/>
                    <tagUsage gi="front" occurs="1"/>
                    <tagUsage gi="head" occurs="51"/>
                    <tagUsage gi="hi" occurs="46"/>
                    <tagUsage gi="item" occurs="49"/>
                    <tagUsage gi="l" occurs="791"/>
                    <tagUsage gi="lg" occurs="151"/>
                    <tagUsage gi="list" occurs="1"/>
                    <tagUsage gi="name" occurs="7"/>
                    <tagUsage gi="p" occurs="6"/>
                    <tagUsage gi="pb" occurs="69"/>
                    <tagUsage gi="publicationstmt" occurs="2"/>
                    <tagUsage gi="publisher" occurs="4"/>
                    <tagUsage gi="pubplace" occurs="4"/>
                    <tagUsage gi="q" occurs="1"/>
                    <tagUsage gi="ref" occurs="46"/>
                    <tagUsage gi="resp" occurs="7"/>
                    <tagUsage gi="respstmt" occurs="7"/>
                    <tagUsage gi="revisiondesc" occurs="1"/>
                    <tagUsage gi="seriesstmt" occurs="1"/>
                    <tagUsage gi="sourcedesc" occurs="1"/>
                    <tagUsage gi="tagsdecl" occurs="1"/>
                    <tagUsage gi="tagusage" occurs="52"/>
                    <tagUsage gi="tei.2" occurs="1"/>
                    <tagUsage gi="teiheader" occurs="1"/>
                    <tagUsage gi="text" occurs="1"/>
                    <tagUsage gi="title" occurs="3"/>
                    <tagUsage gi="titlepage" occurs="1"/>
                    <tagUsage gi="titlepart" occurs="1"/>
                    <tagUsage gi="titlestmt" occurs="2"/>
                </namespace>
            </tagsDecl>
            <classDecl>
                <taxonomy xml:id="lcsh">
                    <bibl>
                        <title>Library of Congress Subject Headings</title>
                        <ptr target="http://authorities.loc.gov/"/>
                        <note>
                            <p>Library of Congress Subject Headings originate from the source MARC
                                record for the monograph when available.</p>
                        </note>
                    </bibl>
                </taxonomy>
                <taxonomy xml:id="mla">
                    <bibl>
                        <title>Modern Language Association Thesaurus</title>
                        <ptr target="http://www.mla.org/publications/bibliography/howtouse_mlabiblio/howtosearchmlabiblio#mla" type="source"/>
                        <ptr target="http://dlib.indiana.edu/vocabulary/modernlangassocgenre/" type="webservice"/>
                        <note><p> The MLA Bibliography staff has created a thesaurus of over 50,000 terms and 200,000
                            names to ensure consistency in the terms and names assigned during indexing. The VWWP
                            project will utilize a subset of the MLA Thesaurus to assign genre headings to the VWWP
                            texts. </p></note>
                    </bibl>
                </taxonomy>                
            </classDecl>
        </encodingDesc>
        <profileDesc>
            <langUsage>
                <language ident="eng">English</language>
            </langUsage>
            <textClass>
            <keywords scheme="#mla">
                <list>
                    <item><term ref="http://terminology.dlib.indiana.edu/vwwpgenre/poetry">poetry</term></item>
                </list>
            </keywords>
            </textClass>
        </profileDesc>
        <revisionDesc>
            <change><date>1995-11-09</date><label>editor.</label><name>Felix Jung, </name>finished
                data entry, basic encoding and proofing</change>
            <change><date>1995-11-12</date><label>general editor.</label><name>Perry Willett,
                </name>finished TEI-conformant encoding and final proofing</change>
            <change><date>1996-10-19</date><label>general editor.</label><name>Perry Willett,
                </name>fixed entity references to be SDATA</change>
            <change><date>2005-02-06</date><label>Programmer</label><name>Mark Millard,
                </name>Converted from SGML to TEI-XML</change>
            <change when="2009-05-10" who="#bn">Coverted from P4 to P5</change>
            <change when="2009-10-27" who="#bn">Normalized id scheme and encoding</change>
            <change when="2010-07-30" who="elizabethmunson">Removed date and "a machine
            readable transcription" from fileDesc title</change>
            <change when="2010-07-30" who="elizabethmunson">Added filing title</change>
            <change when="2010-07-30" who="elizabethmunson">Formatted fileDesc author name and added LCNAF form of author name to sourceDesc</change>
            <change when="2010-07-30" who="elizabethmunson">Normalized date in biblFull/publicationStmt</change>
            <change when="2010-07-30" who="elizabethmunson">Tagged title element inside bibl</change>
            <change when="2010-08-26" who="elizabethmunson">Added genre term</change>
        </revisionDesc>
    </teiHeader>
    <text>
        <front>
            <titlePage>
                <docTitle>
                    <titlePart type="main">A LIGHT LOAD</titlePart>
                </docTitle>
                <byline>by <docAuthor>DOLLIE RADFORD</docAuthor></byline>
                <docImprint>
                    <publisher>ELKIN MATHEWS </publisher>
                    <pubPlace>LONDON</pubPlace>
                </docImprint>
                <docDate>1891</docDate>
            </titlePage>
            <pb xml:id="VAB7096-001"/>
            <pb n="ix" xml:id="VAB7096-002"/>
            <div type="contents">
                <list type="simple">
                    <head>FIRST LINES</head>
                    <item>Ah love, the sweet spring blossoms cling <ref target="#VAB7096-005" rend="right">1</ref></item>
                    <item>Why am I singing all alone <ref target="#VAB7096-006" rend="right">2</ref></item>
                    <item>My sweetheart lays her hand in mine <ref target="#VAB7096-007" rend="right">3</ref></item>
                    <item>Below the rocks where the samphire blows <ref target="#VAB7096-008" rend="right">4</ref></item>
                    <item>She comes through the meadow yonder <ref target="#VAB7096-009" rend="right">5</ref></item>
                    <item>Amid a crown of radiant hills <ref target="#VAB7096-010" rend="right">6</ref></item>
                    <item>In yonder bay the waves find rest <ref target="#VAB7096-012" rend="right">8</ref></item>
                    <item>In the first light of the morning <ref target="#VAB7096-013" rend="right">9</ref></item>
                    <item>When first I saw your face, love <ref target="#VAB7096-014" rend="right">10</ref></item>
                    <item>I am wanting to send you a song, love <ref target="#VAB7096-015" rend="right">11</ref></item>
                    <item>If I were in the valley‐land <ref target="#VAB7096-016" rend="right">12</ref></item>
                    <item>The birds sang from the tree <ref target="#VAB7096-017" rend="right">13</ref></item>
                    <item>Love my heart is aching, aching <ref target="#VAB7096-019" rend="right">15</ref></item>
                    <item>Violets, sweet violets <ref target="#VAB7096-020" rend="right">16</ref></item>
                    <item>In the distant woods are blowing <ref target="#VAB7096-021" rend="right">17</ref></item>
                    <pb n="x." xml:id="VAB7096-003"/>
                    <item>The golden gorse and the heather <ref target="#VAB7096-022" rend="right">18</ref></item>
                    <item>Why seems the world so fair <ref target="#VAB7096-024" rend="right">20</ref></item>
                    <item>Winds blow cold in the bright March weather <ref target="#VAB7096-025" rend="right">21</ref></item>
                    <item>What song shall I sing to you <ref target="#VAB7096-027" rend="right">23</ref></item>
                    <item>Out on the moor the sun is bright <ref target="#VAB7096-029" rend="right">25</ref></item>
                    <item>Little maiden are you lonely <ref target="#VAB7096-030" rend="right">26</ref></item>
                    <item>The snow queen passed our way last night <ref target="#VAB7096-031" rend="right">27</ref></item>
                    <item>How gently this evening the ripples break <ref target="#VAB7096-032" rend="right">28</ref></item>
                    <item>Cold, quite cold, I could only see <ref target="#VAB7096-034" rend="right">30</ref></item>
                    <item>The hours of the day have departed <ref target="#VAB7096-036" rend="right">32</ref></item>
                    <item>Listen and we shall hear the voice <ref target="#VAB7096-037" rend="right">33</ref></item>
                    <item>I have been wandering to‐day <ref target="#VAB7096-038" rend="right">34</ref></item>
                    <item>Give me thy hand dear friend, and let me take thee <ref target="#VAB7096-040" rend="right">36</ref></item>
                    <item>And art thou come again, Oh Night <ref target="#VAB7096-041" rend="right">37</ref></item>
                    <item>Oh, what know they of harbours, by E. R. <ref target="#VAB7096-043" rend="right">39</ref></item>
                    <item>November with mysterious feet <ref target="#VAB7096-044" rend="right">40</ref></item>
                    <item>When you are lonely, full of care <ref target="#VAB7096-045" rend="right">41</ref></item>
                    <item>The tender touch of a gentle hand <ref target="#VAB7096-046" rend="right">42</ref></item>
                    <item>We wandered in that shadow‐land <ref target="#VAB7096-048" rend="right">44</ref></item>
                    <item>The clouds have gathered soon to‐night <ref target="#VAB7096-049" rend="right">45</ref></item>
                    <pb n="xi." xml:id="VAB7096-004"/>
                    <item>Are your grave eyes graver growing? <ref target="#VAB7096-051" rend="right">47</ref></item>
                    <item>The town is very gay to‐day <ref target="#VAB7096-053" rend="right">49</ref></item>
                    <item>The March wind rises through the skies <ref target="#VAB7096-054" rend="right">50</ref></item>
                    <item>The skies are blue <ref target="#VAB7096-055" rend="right">51</ref></item>
                    <item>I saw your portrait, yesterday <ref target="#VAB7096-056" rend="right">52</ref></item>
                    <item>Though I may rest in some leafy place <ref target="#VAB7096-058" rend="right">54</ref></item>
                    <item>There is no unawakened string <ref target="#VAB7096-059" rend="right">55</ref></item>
                    <item>Last night again we saw him there <ref target="#VAB7096-060" rend="right">56</ref></item>
                    <item>The ladies bow, and partners set <ref target="#VAB7096-062" rend="right">58</ref></item>
                    <item>A flash of colour through the trees <ref target="#VAB7096-065" rend="right">61</ref></item>
                    <item>All day I read your book; at eve <ref target="#VAB7096-067" rend="right">63</ref></item>
                </list>
            </div>
        </front>
        <body>
            <pb n="1" xml:id="VAB7096-005"/>
            <div type="poem">
                <head>SPRING‐SONG</head>
                <lg type="verse_paragraph">
                    <l><hi>AH</hi> love, the sweet spring blossoms cling</l>
                    <l>To many a broken wind‐tossed bough,</l>
                    <l>And young birds among branches sing</l>
                    <l>That mutely hung till now.</l>
                </lg>
                <lg type="verse_paragraph">
                    <l>The little new‐born things which lie</l>
                    <l>In dewy meadows, sleep and dream</l>
                    <l>Beside the brook that twinkles by</l>
                    <l>To some great lonely stream.</l>
                </lg>
                <lg type="verse_paragraph">
                    <l>And children, now the day is told,</l>
                    <l>From many a warm and cosy nest,</l>
                    <l>Look up to see the young moon hold</l>
                    <l>The old moon to her breast.</l>
                </lg>
                <lg type="verse_paragraph">
                    <l>Dear love, my pulses throb and start</l>
                    <l>To‐night with longings sweet and new,</l>
                    <l>And young hopes beat within a heart</l>
                    <l>Grown old in loving you.</l>
                </lg>
            </div>
            <pb n="2" xml:id="VAB7096-006"/>
            <div type="poem">
                <head>SONG</head>
                <lg type="verse_paragraph">
                    <l><hi>WHY</hi> am I singing all alone,</l>
                    <l rend="ti-1">Outside your window here?</l>
                    <l>Because the roses are all blown,</l>
                    <l rend="ti-1">And all the sky is clear.</l>
                </lg>
                <lg type="verse_paragraph">
                    <l>Because the glen I passed was fair,</l>
                    <l rend="ti-1">And fresh with morning dew,</l>
                    <l>Because the gold shines in your hair,</l>
                    <l rend="ti-1">Because your eyes are blue.</l>
                </lg>
                <lg type="verse_paragraph">
                    <l>Because for many a sunny mile</l>
                    <l rend="ti-1">The hills stretch out, and furled</l>
                    <l>Is every cloud: because God’s smile</l>
                    <l rend="ti-1">Is shining through the world.</l>
                </lg>
            </div>
            <pb n="3" xml:id="VAB7096-007"/>
            <div type="poem">
                <head>MY SWEETHEART</head>
                <lg type="verse_paragraph">
                    <l><hi>MY</hi> sweetheart lays her hand in mine</l>
                    <l rend="ti-1">When she would have me glad,</l>
                    <l>She sings and sings, she never knows</l>
                    <l rend="ti-1">What music makes me sad.</l>
                </lg>
                <lg type="verse_paragraph">
                    <l>My sweetheart holds my heart to hers</l>
                    <l rend="ti-1">When she would have me rest,</l>
                    <l>She never hears the heavy sigh</l>
                    <l rend="ti-1">Which breaks within my breast.</l>
                </lg>
                <lg type="verse_paragraph">
                    <l>Her sweet lips press my tired lids</l>
                    <l rend="ti-1">When she would have me sleep;</l>
                    <l>Alas, they have no power to stay</l>
                    <l rend="ti-1">The burning tears I weep.</l>
                </lg>
            </div>
            <pb n="4" xml:id="VAB7096-008"/>
            <div type="poem">
                <head>SONG</head>
                <lg type="verse_paragraph">
                    <l><hi>BELOW</hi> the rocks where the samphire blows,</l>
                    <l>The pebbled beach in an inlet shows</l>
                    <l>A quiet cave, where a green fern grows</l>
                    <l rend="ti-3">By the summer sea.</l>
                </lg>
                <lg type="verse_paragraph">
                    <l>’Twould cheer and brighten my home alway,</l>
                    <l>But fades if far from the fresh sea spray,</l>
                    <l>It could not live for a single day</l>
                    <l rend="ti-3">In the town with me.</l>
                </lg>
                <lg type="verse_paragraph">
                    <l>Below the hill where the heather lies,</l>
                    <l>A maiden sings, and her smiling eyes</l>
                    <l>Say love’s a blossom that never dies</l>
                    <l rend="ti-3">By the town or sea.</l>
                </lg>
            </div>
            <pb n="5" xml:id="VAB7096-009"/>
            <div type="poem">
                <head>SONG</head>
                <lg type="verse_paragraph">
                    <l><hi>SHE</hi> comes through the meadow yonder,</l>
                    <l rend="ti-1">Her face is turned to the west,</l>
                    <l>And I divine how her clear eyes shine</l>
                    <l rend="ti-1">With the light of a lasting rest;</l>
                    <l>And the rays of the sun‐set wander</l>
                    <l rend="ti-1">To bless her and she is blest—</l>
                </lg>
                <lg type="verse_paragraph">
                    <l>By touch of their golden splendour,</l>
                    <l rend="ti-1">By beauty of earth and sky,</l>
                    <l>Her spirit waits at the western gates,</l>
                    <l rend="ti-1">No music can pass her by</l>
                    <l>That Heaven or Earth may send her,</l>
                    <l rend="ti-1">I watch where I stand, and sigh.</l>
                </lg>
            </div>
            <pb n="6" xml:id="VAB7096-010"/>
            <div type="poem">
                <head>SONG</head>
                <lg type="verse_paragraph">
                    <l><hi>AMID</hi> a crowd of radiant hills,</l>
                    <l rend="ti-1">A little wood with blossoms rare</l>
                    <l>Breathes sweetly, while the young lark trills</l>
                    <l>His new learnt melody and fills</l>
                    <l rend="ti-3">The fragrant air.</l>
                </lg>
                <lg type="verse_paragraph">
                    <l>Among its boughs the fresh winds play,</l>
                    <l rend="ti-1">And, where the spreading branches part,</l>
                    <l>The sun‐light drops from spray to spray,</l>
                    <l>And seeks the ferny streams which stray</l>
                    <l rend="ti-3">Within its heart.</l>
                </lg>
                <lg type="verse_paragraph">
                    <l>And there the wild bee fills his cells,</l>
                    <l rend="ti-1">And murmurs through the golden hours,</l>
                    <l>And charmèd fancies and sweet spells,</l>
                    <l>Are woven in the tall blue‐bells</l>
                    <l rend="ti-3">And cuckoo‐flowers.</l>
                </lg>
                <pb n="7" xml:id="VAB7096-011"/>
                <lg type="verse_paragraph">
                    <l>There many a mossy bank entwined</l>
                    <l rend="ti-1">With shining leaves awaits our choice,</l>
                    <l>Come swiftly love, my soul unbind</l>
                    <l>With thy dear looks, that it may find</l>
                    <l rend="ti-3">Its prisoned voice.</l>
                </lg>
            </div>
            <pb n="8" xml:id="VAB7096-012"/>
            <div type="poem">
                <head>IN YONDER BAY</head>
                <lg type="verse_paragraph">
                    <l><hi>IN</hi> yonder bay the waves find rest,</l>
                    <l>They die along the great shore’s breast</l>
                    <l rend="ti-3">With one low sound</l>
                </lg>
                <lg type="verse_paragraph">
                    <l>Of longing for the fuller breeze</l>
                    <l>Which rose across the trackless seas,</l>
                    <l rend="ti-3">And swept them round.</l>
                </lg>
                <lg type="verse_paragraph">
                    <l>Ah love, if I might find their rest,</l>
                    <l>Might end my wanderings on thy breast,</l>
                    <l rend="ti-3">I should not sigh</l>
                </lg>
                <lg type="verse_paragraph">
                    <l>For fuller life, so I might stay</l>
                    <l>My heart’s throb on thy heart some day,</l>
                    <l rend="ti-3">Before I die.</l>
                </lg>
            </div>
            <pb n="9" xml:id="VAB7096-013"/>
            <div type="poem">
                <head>SONG</head>
                <lg type="verse_paragraph">
                    <l><hi>IN</hi> the first light of the morning,</l>
                    <l rend="ti-1">When the thrush sang loud and clear,</l>
                    <l>And the black‐bird hailed day’s dawning,</l>
                    <l rend="ti-1">How I wished my love could hear.</l>
                </lg>
                <lg type="verse_paragraph">
                    <l>When the sun shone on the sand there,</l>
                    <l rend="ti-1">And the roses bloomed above,</l>
                    <l>And the blue waves kissed the land there,</l>
                    <l rend="ti-1">How I longed to see my love.</l>
                </lg>
                <lg type="verse_paragraph">
                    <l>Now the birds good‐night are calling,</l>
                    <l rend="ti-1">And the moonbeams come and go,</l>
                    <l>And my tears are falling, falling,</l>
                    <l rend="ti-1">Because I want him so.</l>
                </lg>
            </div>
            <pb n="10" xml:id="VAB7096-014"/>
            <div type="poem">
                <head>SONG</head>
                <lg type="verse_paragraph">
                    <l><hi>WHEN</hi> first I saw your face, love,</l>
                    <l rend="ti-1">I knew my search was done,</l>
                    <l>You passed my lonely place, love,</l>
                    <l rend="ti-1">The light I sought was won,</l>
                    <l>When your steadfast eyes looked down on me,</l>
                    <l>And I arose to follow thee.</l>
                </lg>
                <lg type="verse_paragraph">
                    <l>And something in your smile, love,</l>
                    <l rend="ti-1">I knew to be a part</l>
                    <l>Of joy that for a while, love,</l>
                    <l rend="ti-1">Had slumbered in my heart:</l>
                    <l>To what sweet music it awoke,</l>
                    <l>When first you turned to me and spoke!</l>
                </lg>
            </div>
            <pb n="11" xml:id="VAB7096-015"/>
            <div type="poem">
                <head>SONG</head>
                <lg type="verse_paragraph">
                    <l><hi>I AM</hi> waiting to send you a song, love,</l>
                    <l rend="ti-1">From over the sea,</l>
                    <l>But the way, Oh the way is so long, love,</l>
                    <l rend="ti-1">Between you and me,</l>
                    <l>All the music would die,</l>
                    <l>In the waves and the sky,</l>
                    <l rend="ti-1">Before it reached thee.</l>
                </lg>
                <lg type="verse_paragraph">
                    <l>I am wanting to tell you my love, love,</l>
                    <l rend="ti-1">But you will forget</l>
                    <l>How you lifted your sweet eyes above, love,</l>
                    <l rend="ti-1">How their lashes were wet</l>
                    <l>When you wished me good‐bye,</l>
                    <l>While the stars filled the sky,</l>
                    <l rend="ti-1">And my sad sails were set.</l>
                </lg>
            </div>
            <pb n="12" xml:id="VAB7096-016"/>
            <div type="poem">
                <head>SONG</head>
                <lg type="verse_paragraph">
                    <l><hi>IF</hi> I were in the valley‐land,</l>
                    <l rend="ti-1">And you far up the mountain blue,</l>
                    <l>Would you just turn and wave your hand,</l>
                    <l rend="ti-1">And bid me strive to follow you.</l>
                </lg>
                <lg type="verse_paragraph">
                    <l>If I were in the tossing sea,</l>
                    <l rend="ti-1">And you upon the quiet shore,</l>
                    <l>Would you send out your help to me,</l>
                    <l rend="ti-1">And bid me to my life once more.</l>
                </lg>
                <lg type="verse_paragraph">
                    <l>If I were cast from Heaven’s gate,</l>
                    <l rend="ti-1">And you within so glad and fair,</l>
                    <l>I know you would come forth and wait</l>
                    <l rend="ti-1">Beside me love, in my despair.</l>
                </lg>
            </div>
            <pb n="13" xml:id="VAB7096-017"/>
            <div type="poem">
                <head>SONG</head>
                <lg type="verse_paragraph">
                    <l><hi>THE</hi> birds sang from the tree,</l>
                    <l rend="ti-3">“Sweetheart</l>
                    <l>Go forth across the silent hills,</l>
                    <l>For in the vale their shadow fills</l>
                    <l>Thy love awaiteth thee</l>
                    <l rend="ti-3">With lonely heart.”</l>
                </lg>
                <lg type="verse_paragraph">
                    <l>She wound a wreath of flowers</l>
                    <l rend="ti-3">So sweet,</l>
                    <l>And, while the birds still sang their song,</l>
                    <l>Across the hills she passed along</l>
                    <l>In the fair sunrise hours,</l>
                    <l rend="ti-3">Her love to meet.</l>
                </lg>
                <pb n="14" xml:id="VAB7096-018"/>
                <lg type="verse_paragraph">
                    <l>But when the sun, asleep</l>
                    <l rend="ti-3">At eve,</l>
                    <l>Lay hid behind a purple cloud,</l>
                    <l>Each little bird in leafy shroud</l>
                    <l>Saw her return and weep,</l>
                    <l rend="ti-3">“And dost thou grieve.”</l>
                </lg>
                <lg type="verse_paragraph">
                    <l>Ah no, I am not sad</l>
                    <l rend="ti-3">She said,</l>
                    <l>He did not know me when I came,</l>
                    <l>But I have crowned him all the same,</l>
                    <l>And how can I be sad,</l>
                    <l rend="ti-3">My heart is glad.</l>
                </lg>
            </div>
            <pb n="15" xml:id="VAB7096-019"/>
            <div type="poem">
                <head>SONG</head>
                <l><hi>LOVE</hi> my heart is aching, aching,</l>
                <l>While the soft sea‐wind is making</l>
                <l>Music in the aspens, breaking</l>
                <l rend="ti-4">Silence in my soul.</l>
                <l>With its sad‐voiced singing blending</l>
                <l>With my sighs, while stars befriending,</l>
                <l>Beams to mid‐night seas are sending</l>
                <l rend="ti-4">As they eastward roll.</l>
            </div>
            <pb n="16" xml:id="VAB7096-020"/>
            <div type="poem">
                <head>VIOLETS</head>
                <lg type="verse_paragraph">
                    <l><hi>VIOLETS</hi>, sweet violets,</l>
                    <l rend="ti-1">I can find the fairest,</l>
                    <l>In a little ferny glen</l>
                    <l rend="ti-1">Blossom all the rarest,</l>
                    <l>I can reach the leafy beds</l>
                    <l>Where they hide their dewy heads.</l>
                </lg>
                <lg type="verse_paragraph">
                    <l>From the mossy stones and rocks</l>
                    <l rend="ti-1">Where the pools are deepest,</l>
                    <l>I can leap across the stream</l>
                    <l rend="ti-1">Where the banks are steepest,</l>
                    <l>And beneath the hawthorn get</l>
                    <l>Many a scented violet.</l>
                </lg>
            </div>
            <pb n="17" xml:id="VAB7096-021"/>
            <div type="poem">
                <head>SPRING‐TIME</head>
                <l><hi>IN</hi> the distant woods are blowing</l>
                <l rend="ti-1">Tender buds and blossoms sweet,</l>
                <l>Fragrant leaves and grasses glowing</l>
                <l rend="ti-1">From the touch of fairy feet.</l>
                <l>In the woods a spirit singing</l>
                <l rend="ti-1">Stays and touches every tree,</l>
                <l>And to loving branches clinging</l>
                <l rend="ti-1">Flowers open tremblingly.</l>
            </div>
            <pb n="18" xml:id="VAB7096-022"/>
            <div type="poem">
                <head>SONG</head>
                <lg type="verse_paragraph">
                    <l><hi>THE</hi> golden gorse and the heather</l>
                    <l rend="ti-1">Bloom down the whole hill side,</l>
                    <l>And below in the rocks are lying</l>
                    <l rend="ti-1">Still pools where the sea‐flowers hide,</l>
                    <l rend="ti-3">And all the day</l>
                    <l rend="ti-3">The shadows play</l>
                    <l rend="ti-1">In the cliffs and the chasms wide.</l>
                </lg>
                <lg type="verse_paragraph">
                    <l>The hedges are decked with berries,</l>
                    <l rend="ti-1">The lanes gleam with yellow and red,</l>
                    <l>And the pale blue endive blossoms,</l>
                    <l rend="ti-1">And the golden‐rod lifts its head,</l>
                    <l rend="ti-3">And poppies shine,</l>
                    <l rend="ti-3">And wild wood‐bine</l>
                    <l rend="ti-1">Scents the air round the fern’s green bed.</l>
                </lg>
                <pb n="19" xml:id="VAB7096-023"/>
                <lg type="verse_paragraph">
                    <l>And Time passes by like a dream,</l>
                    <l rend="ti-1">And birds sing the whole day long,</l>
                    <l>And bright‐wing’d insects fill the air</l>
                    <l rend="ti-1">With murmurs, and flash along</l>
                    <l rend="ti-3">When the green leaves part,</l>
                    <l rend="ti-3">And my own heart</l>
                    <l rend="ti-1">Is full of a happy song.</l>
                </lg>
            </div>
            <pb n="20" xml:id="VAB7096-024"/>
            <div type="poem">
                <head>SONG</head>
                <lg type="verse_paragraph">
                    <l><hi>WHY</hi> seems the world so fair,</l>
                    <l rend="ti-1">Why do I sing?</l>
                    <l>Why? in the meadow there</l>
                    <l rend="ti-1">When it was Spring,</l>
                    <l>There when all fair things were</l>
                    <l rend="ti-1">Clearer to see,</l>
                    <l>All the young dreams I’d lost</l>
                    <l rend="ti-1">Came back to me.</l>
                </lg>
                <lg type="verse_paragraph">
                    <head>* * * *</head>
                    <l>I may not enter now,</l>
                    <l rend="ti-1">But there’s a Spring</l>
                    <l>Somewhere beyond the sun.</l>
                    <l rend="ti-1">So I can sing,</l>
                    <l>So I can wait and sing,</l>
                    <l rend="ti-1">While I prepare</l>
                    <l>My soul to welcome thine,</l>
                    <l rend="ti-1">When we meet there.</l>
                </lg>
            </div>
            <pb n="21" xml:id="VAB7096-025"/>
            <div type="poem">
                <head>TWO SONGS</head>
                <lg type="verse_paragraph">
                    <l><hi>WINDS</hi> blow cold in the bright March weather,</l>
                    <l rend="ti-1">Yet I heard her sing in the street to‐day,</l>
                    <l>And the tattered garments scarce hung together</l>
                    <l rend="ti-1">Round her tiny form as she turned away.</l>
                    <l>She was too little to know or care</l>
                    <l>Why she and her mother were singing there.</l>
                </lg>
                <lg type="verse_paragraph">
                    <l>Skies are fair when the buds are springing,</l>
                    <l rend="ti-1">When the March sun rises up fresh and strong,</l>
                    <l>And a little maid, with her mother, singing,</l>
                    <l rend="ti-1">Smiled in my face as she skipped along,</l>
                    <l>She was too happy to wonder why</l>
                    <l>She laughed and sang as she passed me by.</l>
                </lg>
                <pb n="22" xml:id="VAB7096-026"/>
                <lg type="verse_paragraph">
                    <l>Stars are bright, and the moon rejoices</l>
                    <l rend="ti-1">To pierce the clouds with her broken light,</l>
                    <l>But the air is heavy with childish voices,</l>
                    <l rend="ti-1">Two songs ring through the clear March night—</l>
                    <l>Songs which the night with burning tears</l>
                    <l>Sings out again to the coming years.</l>
                </lg>
            </div>
            <pb n="23" xml:id="VAB7096-027"/>
            <div type="poem">
                <head>WHAT SONG SHALL I SING</head>
                <lg type="verse_paragraph">
                    <l><hi>WHAT</hi> song shall I sing to you</l>
                    <l rend="ti-1">Now the wee ones are in bed,</l>
                    <l>What books shall I bring to you</l>
                    <l rend="ti-1">Now each little sleepy head</l>
                    <l>Is tucked away on pillow white,</l>
                    <l>All snug and cosy for the night.</l>
                </lg>
                <lg type="verse_paragraph">
                    <l>Many many singers now,</l>
                    <l rend="ti-1">Sing their new songs in the land,</l>
                    <l>Many writers bring us now</l>
                    <l rend="ti-1">Many books to understand,</l>
                    <l>But I can sing, these evening times,</l>
                    <l>Only the children’s songs and rhymes.</l>
                </lg>
                <pb n="24" xml:id="VAB7096-028"/>
                <lg type="verse_paragraph">
                    <l>All the day they play with me,</l>
                    <l rend="ti-1">My heart grows full of their looks,</l>
                    <l>All their prattle stays with me,</l>
                    <l rend="ti-1">And I have no mind for books,</l>
                    <l>Nor care for any other tune</l>
                    <l>Than they have sung this golden June.</l>
                </lg>
            </div>
            <pb n="25" xml:id="VAB7096-029"/>
            <div type="poem">
                <head>ON THE MOOR</head>
                <lg type="verse_paragraph">
                    <l><hi>OUT</hi> on the moor the sun is bright,</l>
                    <l rend="ti-1">And the gorse is yellow,</l>
                    <l>The sky is blue and the air is light,</l>
                    <l rend="ti-1">And a little fellow</l>
                    <l>May walk for miles in the grassy way</l>
                    <l>On a holiday.</l>
                </lg>
                <lg type="verse_paragraph">
                    <l>Out on the moor the wild bee dips</l>
                    <l rend="ti-1">In the sweet fresh heather,</l>
                    <l>And through the bracken the young have slips</l>
                    <l rend="ti-1">In the autumn weather,</l>
                    <l>And all around shine the tiny wings</l>
                    <l>Of a thousand things.</l>
                </lg>
            </div>
            <pb n="26" xml:id="VAB7096-030"/>
            <div type="poem">
                <head>LITTLE MAIDEN</head>
                <lg type="verse_paragraph">
                    <l><hi>LITTLE</hi> maiden are you lonely,</l>
                    <l rend="ti-1">Standing there beside the sea,</l>
                    <l>Are your blue eyes sad or only</l>
                    <l rend="ti-1">Filled with dreams too fair for me.</l>
                    <l>Are the summer breezes making</l>
                    <l rend="ti-1">Fairy music on the sand,</l>
                    <l>And the quiet ripples breaking,</l>
                    <l rend="ti-1">From some sea‐girt fairy‐land.</l>
                </lg>
                <lg type="verse_paragraph">
                    <l>Ah, the fragrant flowers never</l>
                    <l rend="ti-1">Fade in that sweet sunny air,</l>
                    <l>And the fairy people ever</l>
                    <l rend="ti-1">Send you dreams and fancies rare.</l>
                    <l>Little maiden, you must only</l>
                    <l rend="ti-1">Keep your blue eyes clear and free,</l>
                    <l>And you never will be lonely,</l>
                    <l rend="ti-1">Standing there beside the sea.</l>
                </lg>
            </div>
            <pb n="27" xml:id="VAB7096-031"/>
            <div type="poem">
                <head>THE SNOW‐QUEEN</head>
                <lg type="verse_paragraph">
                    <l><hi>THE</hi> snow queen passed our way last night,</l>
                    <l>Between the darkness and the light,</l>
                    <l>And flowers from an enchanted star,</l>
                    <l>Fell showerlike from her flying car.</l>
                </lg>
                <lg type="verse_paragraph">
                    <l>And silently through all the hours,</l>
                    <l>The trees have borne their magic flowers,</l>
                    <l>And now stand up with dauntless head,</l>
                    <l>To catch the morning’s gold and red.</l>
                </lg>
            </div>
            <pb n="28" xml:id="VAB7096-032"/>
            <div type="poem">
                <head>WESTLEIGH BELLS</head>
                <lg type="verse_paragraph">
                    <l><hi>HOW</hi> gently this evening the ripples break</l>
                    <l rend="ti-1">On the pebbles beneath the trees,</l>
                    <l>With a music as low as the full leaves make,</l>
                    <l rend="ti-1">When they stir in some soft sea‐breeze,</l>
                    <l>And as day‐light dies, if I rest my boat</l>
                    <l rend="ti-1">’Neath this bough where the blossoms fall,</l>
                    <l>I shall hear the curlew’s last good‐night note,</l>
                    <l rend="ti-1">As he answers the sea‐gull’s call.</l>
                </lg>
                <lg type="verse_paragraph">
                    <l>And there where the wheat lies in golden sheaves</l>
                    <l rend="ti-1">In the fields across the river,</l>
                    <l>And wood‐bine creeps over porches and eaves,</l>
                    <l rend="ti-1">And fuchsia and myrtle quiver,</l>
                    <l>Lives my love, my love; tis her casement see,</l>
                    <l rend="ti-1">Where the light glimmers to and fro,</l>
                    <l>If she were my love she would come to me</l>
                    <l rend="ti-1">This evening, I long for her so.</l>
                </lg>
                <pb n="29" xml:id="VAB7096-033"/>
                <lg type="verse_paragraph">
                    <l>I long for her so that to linger near</l>
                    <l rend="ti-1">Her home as I do sometimes,</l>
                    <l>And send her blessings across from here,</l>
                    <l rend="ti-1">When they ring the Westleigh chimes,</l>
                    <l>Makes my summer glad, so I stay my boat</l>
                    <l rend="ti-1">’Neath this bough where the blossoms fall,</l>
                    <l>While the curlew flies with his good‐night note,</l>
                    <l rend="ti-1">To the sea where the white gulls call.</l>
                </lg>
            </div>
            <pb n="30" xml:id="VAB7096-034"/>
            <div type="poem">
                <head>COLD STONE</head>
                <l><hi>COLD</hi>, quite cold, I could only see</l>
                <l rend="ti-1">Beauty of curve and line,</l>
                <l>I could not find that deeper thing</l>
                <l>That secret which dwells in everything,</l>
                <l rend="ti-1">I could not make it mine.</l>
                <l>The marble stood so cold and still,</l>
                <l rend="ti-1">And yet within her breast,</l>
                <l>I knew lay hid a wondrous spell</l>
                <l>To open dreams too fair to tell,</l>
                <l rend="ti-1">Where I might stay and rest.</l>
                <l>I find it ever in the flowers,</l>
                <l rend="ti-1">In tints and perfumes sweet,</l>
                <l>And in the silent stars at night,</l>
                <l>And in the rays of sun‐set light</l>
                <l rend="ti-1">Their meaning is complete.</l>
                <l>I cried for light to find it here,</l>
                <pb n="31" xml:id="VAB7096-035"/>
                <l rend="ti-1">And waited, till one day</l>
                <l>The hand that hid the wondrous gift</l>
                <l>Came from the past the clouds to lift</l>
                <l rend="ti-1">And drew the veil away.</l>
            </div>
            <pb n="32" xml:id="VAB7096-036"/>
            <div type="poem">
                <head>TO‐NIGHT</head>
                <lg type="verse_paragraph">
                    <l><hi>THE</hi> hours of the day have departed,</l>
                    <l rend="ti-1">They folded their wings to rest,</l>
                    <l>When the last red ray of sun‐light</l>
                    <l rend="ti-1">Faded away in the west,</l>
                    <l>And fleecy clouds cover the stars,</l>
                    <l rend="ti-1">And beyond is a world of blue,</l>
                    <l>And my soul awakes from a slumber</l>
                    <l rend="ti-1">To‐night, and I see right through—</l>
                </lg>
                <lg type="verse_paragraph">
                    <l>Away to a world of azure,</l>
                    <l rend="ti-1">Where white‐wing’d spirits meet,</l>
                    <l>While the clouds float and fade below them,</l>
                    <l rend="ti-1">And the stars shine at their feet.</l>
                    <l>They hold out their hands in welcome,</l>
                    <l rend="ti-1">And now, for a moment of time,</l>
                    <l>Limitless worlds, and boundless space,</l>
                    <l rend="ti-1">And planets—they all are mine.</l>
                </lg>
            </div>
            <pb n="33" xml:id="VAB7096-037"/>
            <div type="poem">
                <head>EVENING</head>
                <lg type="verse_paragraph">
                    <l><hi>LISTEN</hi> and we shall hear the voice</l>
                    <l rend="ti-1">Of Evening, her name she told</l>
                    <l>When we stayed our boat by the shore to know</l>
                    <l>What wee flower shone ’neath the willow so,</l>
                    <l rend="ti-1">And her hair was radiant gold.</l>
                </lg>
                <lg type="verse_paragraph">
                    <l>Now veiled in grey with silent step,</l>
                    <l rend="ti-1">She walks where shades are deep,</l>
                    <l>And the great trees hear, and the blossoms know,</l>
                    <l>The song she sings, and her music low</l>
                    <l rend="ti-1">Is charming them to sleep.</l>
                </lg>
                <lg type="verse_paragraph">
                    <l>My unseen brother and sister</l>
                    <l rend="ti-1">Who dwell ’neath the roofs we pass,</l>
                    <l>Are you sad and weary with toil and care,</l>
                    <l>My rest is full, I have rest to spare,</l>
                    <l rend="ti-1">I whisper it through your grass.</l>
                </lg>
            </div>
            <pb n="34" xml:id="VAB7096-038"/>
            <div type="poem">
                <head>OUT ON THE MOOR</head>
                <lg type="verse_paragraph">
                    <l><hi>I HAVE</hi> been wandering to‐day</l>
                    <l rend="ti-1">Out on the moor, and have seen</l>
                    <l>The country stretching far away,</l>
                    <l rend="ti-1">In stony slopes and wastes of green.</l>
                </lg>
                <lg type="verse_paragraph">
                    <l>And watched the distant hill‐tops lie</l>
                    <l rend="ti-1">Far in the sun‐set fair and free,</l>
                    <l>Like purple clouds across the sky,</l>
                    <l rend="ti-1">—And further still the line of sea.</l>
                </lg>
                <lg type="verse_paragraph">
                    <l>And heard the lark above me sing,</l>
                    <l rend="ti-1">And seen the plover flying near,</l>
                    <l>And many a little hidden spring,</l>
                    <l rend="ti-1">And twinkling water brown and clear.</l>
                </lg>
                <lg type="verse_paragraph">
                    <l>And brightest sun, and darkest shower,</l>
                    <l rend="ti-1">And day and night‐time, come to rest,</l>
                    <l>And toiling wind and tender flower,</l>
                    <l rend="ti-1">Upon the moor’s untiring breast.</l>
                </lg>
                <pb n="35" xml:id="VAB7096-039"/>
                <lg type="verse_paragraph">
                    <l>We falter in our smiles and tears,</l>
                    <l rend="ti-1">And faint with joys and sorrows won,</l>
                    <l>The moors stretch out through all the years,</l>
                    <l rend="ti-1">In perfect peace—till Time is done.</l>
                </lg>
                <lg type="verse_paragraph">
                    <l>And peace is love, dear love I know</l>
                    <l rend="ti-1">There is no greater thing than this,</l>
                    <l>It is the utmost love can show,</l>
                    <l rend="ti-1">It is the utmost love can miss.</l>
                </lg>
                <lg type="verse_paragraph">
                    <l>The love within my soul for thee</l>
                    <l rend="ti-1">Before the world was had its birth,</l>
                    <l>It is the part God gives to me</l>
                    <l rend="ti-1">Of the great wisdom of the earth.</l>
                </lg>
            </div>
            <pb n="36" xml:id="VAB7096-040"/>
            <div type="poem">
                <head>MY PALACE‐HOME</head>
                <lg type="verse_paragraph">
                    <l><hi>GIVE</hi> me thy hand dear friend, and let me take thee</l>
                    <l rend="ti-1">Into my palace‐home and garden fair,</l>
                    <l>Beside me follow close, ah, it will make thee</l>
                    <l rend="ti-1">Still dearer, sweetest friend, to see thee there.</l>
                </lg>
                <lg type="verse_paragraph">
                    <l>Give me thy hand, dear friend, and let me show thee</l>
                    <l rend="ti-1">The peaceful resting places in the shade,</l>
                    <l>Where the stream, flowing pleasantly below thee,</l>
                    <l rend="ti-1">Stills each unquiet thought the day has made.</l>
                </lg>
                <lg type="verse_paragraph">
                    <head>* * * *</head>
                    <l>No, no, dear friend, my palace‐home is lonely,</l>
                    <l rend="ti-1">No hand but mine may pluck the flowers there,</l>
                    <l>And, since for me they bud and blossom only,</l>
                    <l rend="ti-1">Thou canst not tell me that they are not fair.</l>
                </lg>
            </div>
            <pb n="37" xml:id="VAB7096-041"/>
            <div type="poem">
                <head>NIGHT</head>
                <lg type="verse_paragraph">
                    <l><hi>AND</hi> art thou come again, Oh Night!</l>
                    <l rend="ti-1">I know thee by thy starry crown,</l>
                    <l>And by the mists of violet light</l>
                    <l rend="ti-1">Which gather where thy robes fall down.</l>
                    <l>I know thee by the purple clouds</l>
                    <l rend="ti-1">Thy strong wings spread around the moon,</l>
                    <l>And by the stillness which enshrouds</l>
                    <l rend="ti-1">Thy presence, thou art come too soon,</l>
                    <l>Too soon, for lo thy fair love Sleep</l>
                    <l rend="ti-1">Turns not her sweet face to the skies,</l>
                    <l>She lingers where the shadows creep,</l>
                    <l rend="ti-1">And stay to kiss our children’s eyes.</l>
                </lg>
                <lg type="verse_paragraph">
                    <l>But when her gentle hands have blest</l>
                    <l rend="ti-1">Our homesteads, she will come to thee,</l>
                    <l>And through the holy hours of rest</l>
                    <l rend="ti-1">Thine arms will hold her safe, and she</l>
                    <l>Will hear the promises again</l>
                    <l rend="ti-1">Thou bringest from the distant spheres,</l>
                    <pb n="38" xml:id="VAB7096-042"/>
                    <l>And learn the reason of our pain,</l>
                    <l rend="ti-1">And meaning of our bitter tears.</l>
                    <l>Thine eyes are steadfast and I dare</l>
                    <l rend="ti-1">Their mighty mystery to read,</l>
                    <l>But mine are dimmed by thought and care,</l>
                    <l rend="ti-1">And fail me in my greatest need.</l>
                </lg>
                <lg type="verse_paragraph">
                    <l>I watch for thee, wilt thou not bring</l>
                    <l rend="ti-1"><emph>One</emph> message to my fainting heart?</l>
                    <l>Through summer‐time and snow and spring</l>
                    <l rend="ti-1">I watch for thee, must thou depart</l>
                    <l>Thus silently—when will it come,</l>
                    <l rend="ti-1">That perfect day which we await?</l>
                    <l>For us thy lips are ever dumb,</l>
                    <l rend="ti-1">And voiceless is thy calm estate.</l>
                    <l>Ah! tell thy fair love Sleep, that she</l>
                    <l rend="ti-1">May touch me when she passes by,</l>
                    <l>And whisper what she hears from thee</l>
                    <l rend="ti-1">In some sweet lullaby.</l>
                </lg>
            </div>
            <pb n="39" xml:id="VAB7096-043"/>
            <div type="poem">
                <head>HEART AND HOME</head>
                <lg type="verse_paragraph">
                    <l><hi>OH</hi>, what know they of harbours</l>
                    <l>Who toss not on the Sea!</l>
                    <l>They tell of fairer havens</l>
                    <l>But none so fair there be</l>
                </lg>
                <lg type="verse_paragraph">
                    <l>As Plymouth town outstretching</l>
                    <l>Her quiet arms to me—</l>
                    <l>Her breast’s broad welcome spreading</l>
                    <l>From Mewstone to Penlee.</l>
                </lg>
                <lg type="verse_paragraph">
                    <l>And with this home‐thought, darling,</l>
                    <l>Come crowding thoughts of thee—</l>
                    <l>Oh, what know they of harbours</l>
                    <l>Who toss not on the Sea!</l>
                </lg>
            </div>
            <pb n="40" xml:id="VAB7096-044"/>
            <div type="poem">
                <head>CHRYSANTHEMUMS</head>
                <l><hi>NOVEMBER</hi> with mysterious feet</l>
                <l rend="ti-1">Creeps slowly through the land,</l>
                <l>And on the bridge and in the street,</l>
                <l>Amid the town’s tumultuous beat,</l>
                <l rend="ti-1">Spreads out a quiet hand,</l>
                <l>And wraps around us unaware</l>
                <l rend="ti-1">His mantle grey and cold;</l>
                <l>But he has blossoms still to spare:</l>
                <l>We find fresh flowers rich and rare</l>
                <l rend="ti-1">Hid in each misty fold.</l>
            </div>
            <pb n="41" xml:id="VAB7096-045"/>
            <div type="poem">
                <head>WHEN YOU ARE LONELY</head>
                <lg type="verse_paragraph">
                    <l><hi>WHEN</hi> you are lonely, full of care,</l>
                    <l rend="ti-1">Or sad with some new sorrow,</l>
                    <l>And when your tired fancy hides</l>
                    <l rend="ti-1">The brightness of the morrow,</l>
                    <l>Ah, turn your footsteps to the woods</l>
                    <l rend="ti-1">And meadows, where the rills</l>
                    <l>Are quietly flowing, when the moon</l>
                    <l rend="ti-1">And stars shine on the hills.</l>
                </lg>
                <lg type="verse_paragraph">
                    <l>Upon your brow the great wise trees</l>
                    <l rend="ti-1">Will breathe, and something sweet</l>
                    <l>Will reach you from the fragrant grass</l>
                    <l rend="ti-1">You press beneath your feet,</l>
                    <l>And some fair spirit of the fields,</l>
                    <l rend="ti-1">Peaceful and happy‐eyed,</l>
                    <l>Will find a way into your heart,</l>
                    <l rend="ti-1">I think, and there abide.</l>
                </lg>
            </div>
            <pb n="42" xml:id="VAB7096-046"/>
            <div type="poem">
                <head>MY FRIEND</head>
                <lg type="verse_paragraph">
                    <l><hi>THE</hi> tender touch of a gentle hand</l>
                    <l rend="ti-1">To‐night on my aching brow,</l>
                    <l>The sound of a loving low‐tuned voice,</l>
                    <l rend="ti-1">How pleasant they would be now;</l>
                    <l>I think they would send the shadows away</l>
                    <l>Which hang so closely around me to‐day.</l>
                </lg>
                <lg type="verse_paragraph">
                    <l>And, sitting idly, I close my eyes</l>
                    <l rend="ti-1">And dream how perhaps one day,</l>
                    <l>In my lonely hours, my long sought friend</l>
                    <l rend="ti-1">Will come to my home and say</l>
                    <l>“Bring all your tired thoughts to me dear and rest,</l>
                    <l>No shadow will touch you here on my breast<choice>
                            <corr>.</corr>
                            <sic> </sic>
                        </choice>”</l>
                </lg>
                <lg type="verse_paragraph">
                    <l>I shall not tell her, but she will know;</l>
                    <l rend="ti-1">My rest will be very sweet,</l>
                    <pb n="43" xml:id="VAB7096-047"/>
                    <l>And all the shadow and gloom will go,</l>
                    <l rend="ti-1">Caught up in the toiling street,</l>
                    <l>And I shall thank her and clasp her hand,</l>
                    <l>And she will smile and understand.</l>
                </lg>
                <lg type="verse_paragraph">
                    <l>And if on the morrow we chance to meet</l>
                    <l rend="ti-1">With others, her face will be</l>
                    <l>Happy and bright for them all, and just</l>
                    <l rend="ti-1">A little kinder for me,</l>
                    <l>And once I shall look in her eyes, and so,</l>
                    <l>Learn something there no other may know.</l>
                </lg>
            </div>
            <pb n="44" xml:id="VAB7096-048"/>
            <div type="poem">
                <head>ORPHEUS</head>
                <lg type="verse_paragraph">
                    <l><hi>WE</hi> wandered in that shadow‐land,</l>
                    <l rend="ti-1">My fair love, you and I,</l>
                    <l>Through all its strangeness hand in hand</l>
                    <l rend="ti-1">We journeyed silently.</l>
                </lg>
                <lg type="verse_paragraph">
                    <l>My lyre is hanging cold and dumb,</l>
                    <l rend="ti-1">Mute with our triumph song,</l>
                    <l>I have no voice now you are come,</l>
                    <l rend="ti-1">Whom I have sought so long.</l>
                </lg>
                <lg type="verse_paragraph">
                    <l>But I will bring you in Love’s land,</l>
                    <l rend="ti-1">Into Love’s highest place,</l>
                    <l>And crown you there, and understand</l>
                    <l rend="ti-1">The wonders of your face.</l>
                </lg>
                <lg type="verse_paragraph">
                    <l>And then my joyous song shall rise</l>
                    <l rend="ti-1">To sun and moon and star;</l>
                    <l>And all the worlds beyond the skies</l>
                    <l rend="ti-1">Shall tell how fair you are.</l>
                </lg>
            </div>
            <pb n="45" xml:id="VAB7096-049"/>
            <div type="poem">
                <head>BY THE SEA</head>
                <lg type="verse_paragraph">
                    <l><hi>THE</hi> clouds have gathered soon to‐night,</l>
                    <l rend="ti-1">They hang above the quiet sea,</l>
                    <l>And through the air a muffled sound</l>
                    <l rend="ti-1">Is borne to me</l>
                </lg>
                <lg type="verse_paragraph">
                    <l>From that dim island where the souls</l>
                    <l rend="ti-1">Of all the Ages lie at rest;</l>
                    <l>It beats upon my throbbing brain</l>
                    <l rend="ti-1">And troubled breast.</l>
                </lg>
                <lg type="verse_paragraph">
                    <l>If thou wert standing on the shore</l>
                    <l rend="ti-1">Beside me now, and held my hand,</l>
                    <l>I think that I should hear it plain</l>
                    <l rend="ti-1">And understand</l>
                </lg>
                <lg type="verse_paragraph">
                    <l>For there is one note in it all,</l>
                    <l rend="ti-1">Which loud and clear has come to me,</l>
                    <l>And I have caught it in my heart</l>
                    <l rend="ti-1">To tell to thee.</l>
                </lg>
                <pb n="46" xml:id="VAB7096-050"/>
                <lg type="verse_paragraph">
                    <l>“Eyes steadfast from the watch of worlds,</l>
                    <l rend="ti-1">Hearts big with secrets of the spheres,</l>
                    <l>We have no power to move you now</l>
                    <l rend="ti-1">With hopes or fears.”</l>
                </lg>
                <lg type="verse_paragraph">
                    <l>“No power,” thy soul has filled my soul</l>
                    <l rend="ti-1">Thy life has rounded all of mine,</l>
                    <l>Thy love has girt me with a strength</l>
                    <l rend="ti-1">Which is divine.</l>
                </lg>
                <lg type="verse_paragraph">
                    <l>And when that sound perchance one day</l>
                    <l rend="ti-1">Comes to us with a mighty roll,</l>
                    <l>We two shall stand unmoved, and hear</l>
                    <l rend="ti-1">And learn the whole.</l>
                </lg>
            </div>
            <pb n="47" xml:id="VAB7096-051"/>
            <div type="poem">
                <head>IN THE WOODS</head>
                <lg type="verse_paragraph">
                    <l><hi>ARE</hi> your grave eyes graver growing?</l>
                    <l rend="ti-1">Sweetheart, may I look</l>
                    <l>At the treasured thoughts which move you</l>
                    <l rend="ti-1">In the poet’s book?</l>
                    <l>Stay not in the lazy shade</l>
                    <l rend="ti-1">With the drowsy roses;</l>
                    <l>Come into the woods and see</l>
                    <l rend="ti-1">Where I find my posies.</l>
                </lg>
                <lg type="verse_paragraph">
                    <l>Has the buried singer left us</l>
                    <l rend="ti-1">Songs to make you weep?</l>
                    <l>Are you saddened by the sorrow</l>
                    <l rend="ti-1">Which his numbers keep?</l>
                    <l>Or were all the songs he gave us</l>
                    <l rend="ti-1">Born in happy hours?</l>
                    <l>Come with me, he found his music</l>
                    <l rend="ti-1">Where I find my flowers.</l>
                </lg>
                <pb n="48" xml:id="VAB7096-052"/>
                <lg type="verse_paragraph">
                    <l>Where a little mossy path‐way</l>
                    <l rend="ti-1">Lies beside the stream,</l>
                    <l>Long ago the poet lingered;</l>
                    <l rend="ti-1">Sun and pale star‐beam</l>
                    <l>Touched his lips, while there he wandered</l>
                    <l rend="ti-1">Summer‐time and Spring,</l>
                    <l>And the mighty woods and river</l>
                    <l rend="ti-1">Taught him how to sing.</l>
                </lg>
            </div>
            <pb n="49" xml:id="VAB7096-053"/>
            <div type="poem">
                <head>RETURN OF THE TROOPS</head>
                <lg type="verse_paragraph">
                    <l><hi>THE</hi> town is very gay to‐day,</l>
                    <l rend="ti-1">And down our busy street</l>
                    <l>Flags wave, and all the balconies</l>
                    <l rend="ti-1">Are filled, our men to greet.</l>
                </lg>
                <lg type="verse_paragraph">
                    <l>One night, not very long ago,</l>
                    <l rend="ti-1">I heard them marching down</l>
                    <l>To where their ship lay, and the sound</l>
                    <l rend="ti-1">So filled the silent town</l>
                </lg>
                <lg type="verse_paragraph">
                    <l>With farewell voices that I wept</l>
                    <l rend="ti-1">To know no word or deed</l>
                    <l>Of mine had stirred the sleeping night,</l>
                    <l rend="ti-1">To bid our men God‐speed.</l>
                </lg>
                <lg type="verse_paragraph">
                    <l>The town is very gay to‐day,</l>
                    <l rend="ti-1">And in our busy street,</l>
                    <l>My eyes are dim with tears for those</l>
                    <l rend="ti-1">I neither sped nor greet.</l>
                </lg>
            </div>
            <pb n="50" xml:id="VAB7096-054"/>
            <div type="poem">
                <head>MARCH</head>
                <l><hi>THE</hi> March wind rises through the skies,</l>
                <l rend="ti-1">His great wings rustling as he flies,</l>
                <l>And downward sweeps o’er plain and hill</l>
                <l rend="ti-1">The sunshine to the daffodil.</l>
            </div>
            <pb n="51" xml:id="VAB7096-055"/>
            <div type="poem">
                <head>JUNE</head>
                <lg type="verse_paragraph">
                    <l><hi>THE</hi> skies are blue</l>
                    <l rend="ti-1">O’er the meadows now,</l>
                    <l>And the leaves are new</l>
                    <l rend="ti-1">On the willow‐bough,</l>
                    <l>And the whole earth sings</l>
                    <l rend="ti-1">In one joyous tune</l>
                    <l>All the happy things</l>
                    <l rend="ti-1">Of the happy June.</l>
                </lg>
                <lg type="verse_paragraph">
                    <l>Oh the golden time</l>
                    <l rend="ti-1">Of the sweet fresh June,</l>
                    <l>And the happy rhyme</l>
                    <l rend="ti-1">Dies away so soon;</l>
                    <l>But again—again—</l>
                    <l rend="ti-1">When the years are young,</l>
                    <l>Will the sweet refrain</l>
                    <l rend="ti-1">Be sung—be sung.</l>
                </lg>
            </div>
            <pb n="52" xml:id="VAB7096-056"/>
            <div type="poem">
                <head>A BRIDE</head>
                <lg type="verse_paragraph">
                    <l><hi>I SAW</hi> your portrait yesterday,</l>
                    <l rend="ti-1">Set in a golden frame;</l>
                    <l>Around it twines a blossom‐spray,</l>
                    <l rend="ti-1">Beneath it is your name.</l>
                </lg>
                <lg type="verse_paragraph">
                    <l>And tender smiles are round your mouth,</l>
                    <l rend="ti-1">High thoughts are on your brow,</l>
                    <l>The world is beautiful as Youth,</l>
                    <l rend="ti-1">You are so happy now.</l>
                </lg>
                <lg type="verse_paragraph">
                    <l>The shining gates are opened wide,</l>
                    <l rend="ti-1">Love stretches forth his hand</l>
                    <l>And bids the bridegroom bring his bride</l>
                    <l rend="ti-1">Into the promised land.</l>
                </lg>
                <lg type="verse_paragraph">
                    <l>And you and he dwell there alone,</l>
                    <l rend="ti-1">Beneath Love’s radiant sky,</l>
                    <l>While all the world’s great grief and moan,</l>
                    <l rend="ti-1">As a sad dream pass by.</l>
                </lg>
                <pb n="53" xml:id="VAB7096-057"/>
                <lg type="verse_paragraph">
                    <l>Yet on Love’s flowers strange and rare,</l>
                    <l rend="ti-1">Your saddest tears may fall,</l>
                    <l>And in Love’s country you may fare</l>
                    <l rend="ti-1">The loneliest of all.</l>
                </lg>
            </div>
            <pb n="54" xml:id="VAB7096-058"/>
            <div type="poem">
                <head>TO THE UNKNOWN AUTHOR OF <bibl><title>OBITER DICTA</title></bibl></head>
                <head type="sub">July, 1884.</head>
                <l><hi>THOUGH</hi> I may rest in some leafy place,</l>
                <l rend="ti-1">And read, through the summer day,</l>
                <l>Thy pages penned in the busy town,</l>
                <l rend="ti-1">—So busy and far away—</l>
                <l>Though hills stretch out, and sunlight falls</l>
                <l rend="ti-1">On acres of swelling land,</l>
                <l>I seem to span the misty miles</l>
                <l rend="ti-1">Between us, and clasp thy hand;</l>
                <l>For thou hast bound with magic chain,</l>
                <l>The vagrant thoughts I chased in vain.</l>
            </div>
            <pb n="55" xml:id="VAB7096-059"/>
            <div type="poem">
                <head>MY SONGS</head>
                <lg type="verse_paragraph">
                    <l><hi>THERE</hi> is no unawakened string,</l>
                    <l>No untried note for me to ring,</l>
                    <l>No new‐found song for me to sing.</l>
                </lg>
                <lg type="verse_paragraph">
                    <l>Old numbers round my day and night;</l>
                    <l>When summer comes my heart is light;</l>
                    <l>’Tis heavy, when the birds take flight.</l>
                </lg>
                <lg type="verse_paragraph">
                    <l>My love is young, her face is fair,</l>
                    <l>The sun‐light never leaves her hair,</l>
                    <l>Her beauty fills me with a prayer.</l>
                </lg>
                <lg type="verse_paragraph">
                    <l>And many a tryst and watch I keep,</l>
                    <l>With those who laugh and those who weep,</l>
                    <l>Between the hours of work and sleep.</l>
                </lg>
                <lg type="verse_paragraph">
                    <l>The songs I strive to sing have rolled</l>
                    <l>Through times and ages manifold,</l>
                    <l>A mighty chorus fully told.</l>
                </lg>
            </div>
            <pb n="56" xml:id="VAB7096-060"/>
            <div type="poem">
                <head>IN OUR SQUARE</head>
                <lg type="verse_paragraph">
                    <l><hi>LAST</hi> night again we saw him there</l>
                    <l>Beneath the plane‐tree in the Square,</l>
                    <l rend="ti-2">Our student neighbour.</l>
                </lg>
                <lg type="verse_paragraph">
                    <l>He watches every evening now</l>
                    <l>Our garden tennis, and somehow</l>
                    <l rend="ti-2">It seemed a labour</l>
                </lg>
                <lg type="verse_paragraph">
                    <l>The running round, and futile stretching</l>
                    <l>At random balls while he was sketching</l>
                    <l rend="ti-2">That foolish Polly</l>
                </lg>
                <lg type="verse_paragraph">
                    <l>Who quietly stood, with arm up‐raised,</l>
                    <l>The while her junior partner praised</l>
                    <l rend="ti-2">Her style of volley.</l>
                </lg>
                <lg type="verse_paragraph">
                    <l>I passed so near him, as we played,</l>
                    <l>He looked so peaceful in the shade,</l>
                    <l rend="ti-2">Amid our bustle.</l>
                </lg>
                <pb n="57" xml:id="VAB7096-061"/>
                <lg type="verse_paragraph">
                    <l>He draws and sketches all the day,</l>
                    <l>And studies through the night, they say,</l>
                    <l rend="ti-2">Some bone or muscle.</l>
                </lg>
                <lg type="verse_paragraph">
                    <l>And is this why his cheek is pale,</l>
                    <l>And why he looks so thin and frail,</l>
                    <l rend="ti-2">And is such labour</l>
                </lg>
                <lg type="verse_paragraph">
                    <l>The reason that his coat is bare,</l>
                    <l>And worn, and marks him everywhere—</l>
                    <l rend="ti-2">Our student neighbour?</l>
                </lg>
                <lg type="verse_paragraph">
                    <l>I know that I shall almost cry,</l>
                    <l>To‐morrow when we pass him by,</l>
                    <l rend="ti-2">All bound to‐gether</l>
                </lg>
                <lg type="verse_paragraph">
                    <l>For Cornish seas, while he—but there</l>
                    <l>Miss Polly’s always in the Square</l>
                    <l rend="ti-2">This summer weather.</l>
                </lg>
            </div>
            <pb n="58" xml:id="VAB7096-062"/>
            <div type="poem">
                <head>SOLILOQUY OF A MAIDEN AUNT</head>
                <lg type="verse_paragraph">
                    <l><hi>THE</hi> ladies bow, and partners set,</l>
                    <l>And turn around and pirouette</l>
                    <l rend="ti-3">And trip the Lancers.</l>
                </lg>
                <lg type="verse_paragraph">
                    <l>But no one seeks my ample chair,</l>
                    <l>Or asks me with persuasive air</l>
                    <l rend="ti-3">To join the dancers.</l>
                </lg>
                <lg type="verse_paragraph">
                    <l>They greet me, as I sit alone</l>
                    <l>Upon my solitary throne,</l>
                    <l rend="ti-3">And pass politely.</l>
                </lg>
                <lg type="verse_paragraph">
                    <l>Yet mine could keep the measured beat,</l>
                    <l>As surely as the younger feet,</l>
                    <l rend="ti-3">And tread as lightly.</l>
                </lg>
                <lg type="verse_paragraph">
                    <l>No other maiden had my skill</l>
                    <l>In our old homestead on the hill—</l>
                    <l rend="ti-3">That merry May‐time</l>
                </lg>
                <pb n="59" xml:id="VAB7096-063"/>
                <lg type="verse_paragraph">
                    <l>When Allan closed the flagging ball,</l>
                    <l>And danced with me before them all,</l>
                    <l rend="ti-3">Until the day‐time.</l>
                </lg>
                <lg type="verse_paragraph">
                    <l>Again I laugh, and step alone,</l>
                    <l>And curtsey low as on my own</l>
                    <l rend="ti-3">His strong hand closes.</l>
                </lg>
                <lg type="verse_paragraph">
                    <l>But Allan now seeks staid delight,</l>
                    <l>His son there, brought my niece to‐night</l>
                    <l rend="ti-3">These early roses.</l>
                </lg>
                <lg type="verse_paragraph">
                    <l>Time orders well, we have our Spring,</l>
                    <l>Our songs, and may‐flower gathering,</l>
                    <l rend="ti-3">Our love and laughter.</l>
                </lg>
                <lg type="verse_paragraph">
                    <l>And children chatter all the while,</l>
                    <l>And leap the brook and climb the stile</l>
                    <l rend="ti-3">And follow after.</l>
                </lg>
                <pb n="60" xml:id="VAB7096-064"/>
                <lg type="verse_paragraph">
                    <l>And yet—the step of Allan’s son,</l>
                    <l>Is not as light as was the one</l>
                    <l rend="ti-3">That went before it.</l>
                </lg>
                <lg type="verse_paragraph">
                    <l>And that old lace, I think, falls down</l>
                    <l>Less softly on Priscilla’s gown</l>
                    <l rend="ti-3">Than when I wore it.</l>
                </lg>
            </div>
            <pb n="61" xml:id="VAB7096-065"/>
            <div type="poem">
                <head>A MODERN POLYPHEME</head>
                <lg type="verse_paragraph">
                    <l><hi>A FLASH</hi> of colour through the trees,</l>
                    <l rend="ti-1">A step upon the trembling plank,</l>
                    <l>A white sail flapping in the breeze,</l>
                    <l rend="ti-1">And then a maiden leaves the bank.</l>
                </lg>
                <lg type="verse_paragraph">
                    <l>Each day I watch her, as she guides</l>
                    <l rend="ti-1">Her little boat with dexterous hand,</l>
                    <l>And like a river goddess rides</l>
                    <l rend="ti-1">In gracious triumph through the land.</l>
                </lg>
                <lg type="verse_paragraph">
                    <l>I watch her as she lightly tacks,</l>
                    <l rend="ti-1">And marvel at the art which steers</l>
                    <l>Her boat into the quiet “backs,”</l>
                    <l rend="ti-1">And sorrow when it disappears.</l>
                </lg>
                <lg type="verse_paragraph">
                    <l>Who, in the summer evening, knows</l>
                    <l rend="ti-1">What gentle feelings fill her breast,</l>
                    <l>Or by what bower the water flows</l>
                    <l rend="ti-1">Which bear her dingy to its rest?</l>
                </lg>
                <pb n="62" xml:id="VAB7096-066"/>
                <lg type="verse_paragraph">
                    <l>Perchance a lover, dark and tall,</l>
                    <l rend="ti-1">Awaits her in some flower nook,</l>
                    <l>And gazing at her gathers all</l>
                    <l rend="ti-1">Her thoughts, as from an open book.</l>
                </lg>
                <lg type="verse_paragraph">
                    <l>Perchance—I know not learnt her name,</l>
                    <l rend="ti-1">I know not where her home may be,</l>
                    <l>For one brief space alone I claim</l>
                    <l rend="ti-1">Her beauty, as she passes me.</l>
                </lg>
                <lg type="verse_paragraph">
                    <l>For then the Heaven‐winged dreams, which smile</l>
                    <l rend="ti-1">And fade in youth’s first golden hour,</l>
                    <l>Come back and soothe my soul awhile</l>
                    <l rend="ti-1">As the sweet perfume of a flower.</l>
                </lg>
                <lg type="verse_paragraph">
                    <l>And so I watch for her nor care</l>
                    <l rend="ti-1">Which Acis tarries down the stream—</l>
                    <l>Enough to see her, I forswear</l>
                    <l rend="ti-1">Thy black emotions, Polypheme!</l>
                </lg>
            </div>
            <pb n="63" xml:id="VAB7096-067"/>
            <div type="poem">
                <head>A DREAM OF “DREAMS”</head>
                <head type="sub">To Olive Schreiner.</head>
                <lg type="verse_paragraph">
                    <l><hi>ALL</hi> day I read your book; at Eve</l>
                    <l>Your dreams into my dark sleep stole,</l>
                    <l>Through the unbroken hours to weave</l>
                    <l rend="ti-1">A picture for my soul.</l>
                </lg>
                <lg type="verse_paragraph">
                    <l>Now from the deep inspired night</l>
                    <l>I rise, and, near and stretching far,</l>
                    <l>I see the earth lie clear and bright</l>
                    <l rend="ti-1">Beneath one morning star.</l>
                </lg>
                <lg type="verse_paragraph">
                    <l>The great World‐Spirit watching still</l>
                    <l>Broods over all with folded wings,</l>
                    <l>And ever down‐cast eyes until</l>
                    <l rend="ti-1">The first bird wakes and sings,</l>
                </lg>
                <lg type="verse_paragraph">
                    <l>And through the eastern cloud the sun</l>
                    <l>Breaks with a new unnumbered day</l>
                    <l>And now His watching is all done—</l>
                    <l rend="ti-1">The night has passed away.</l>
                </lg>
                <pb n="64" xml:id="VAB7096-068"/>
                <lg type="verse_paragraph">
                    <l>He turns toward the dawn, and I</l>
                    <l>Wait as he breathes the sweet fresh air,</l>
                    <l>Then with a new‐born joy I cry</l>
                    <l rend="ti-1">To see His face so fair.</l>
                </lg>
            </div>
        </body>
    </text>
</TEI>